Fecha de la actividad,Tipo de actividad,Distancia,Distancia.1,Tiempo en movimiento,Tiempo transcurrido,Tiempo transcurrido.1,Desnivel positivo,Ritmo cardiaco promedio,Velocidad promedio
"11 sept 2026, 14:42:54",Caminata,"3,98",3984.0,2530.0,2530,2530.0,66.5,,1.575
"10 sept 2026, 23:07:05",Bicicleta,"27,58",27579.8,5410.0,7069,7069.0,561.6,142.0,5.098
"9 sept 2026, 23:56:31",Carrera,"11,34",11340.8,4091.0,5392,5392.0,91.8,,2.772
"6 sept 2026, 12:57:29",Caminata,"5,12",5123.8,2621.0,6578,6578.0,200.2,112.0,1.955
"5 sept 2026, 16:08:06",Caminata,"5,77",5770.1,5998.0,6116,6116.0,244.8,105.0,0.962
"4 sept 2026, 0:00:36",Carrera,"11,02",11024.3,4066.0,4495,4495.0,65.6,,2.711
"2 sept 2026, 23:48:05",Carrera,"9,28",9279.7,3410.0,4679,4679.0,79.1,,2.721
"1 sept 2026, 14:18:00",Bicicleta,"28,78",28782.4,4615.0,4875,4875.0,294.0,127.0,6.237
"31 ago 2026, 22:10:33",Bicicleta,"23,32",23322.3,3455.0,3455,3455.0,199.0,140.0,6.75
"29 ago 2026, 12:00:15",Carrera,"15,36",15363.7,6664.0,9787,9787.0,1374.5,161.0,2.305
"27 ago 2026, 12:25:27",Bicicleta,"28,64",28648.9,5838.0,7035,7035.0,390.8,116.0,4.907
"26 ago 2026, 17:42:00",Entrenamiento,0,0.0,1736.0,1736,1736.0,0.0,108.0,0.0
"26 ago 2026, 15:07:27",Bicicleta,"33,86",33864.8,6187.0,6275,6275.0,658.4,146.0,5.474
"25 ago 2026, 23:59:03",Carrera,"9,14",9142.3,3490.0,3539,3539.0,38.6,,2.62
"23 ago 2026, 13:03:00",Carrera,"15,15",15149.7,9654.0,10865,10865.0,888.2,155.0,1.569
"22 ago 2026, 15:12:34",Carrera,"12,07",12076.8,7095.0,18919,18919.0,214.1,,1.702
"21 ago 2026, 14:51:46",Bicicleta,"35,98",35983.1,6171.0,6228,6228.0,467.0,134.0,5.831
"21 ago 2026, 0:04:27",Carrera,"10,39",10398.3,4311.0,5698,5698.0,189.0,,2.412
"19 ago 2026, 23:14:16",Bicicleta,"42,84",42844.8,7333.0,9429,9429.0,505.0,136.0,5.843
"19 ago 2026, 0:29:33",Carrera,"8,01",8010.7,3102.0,3152,3152.0,39.1,,2.582
"18 ago 2026, 22:55:00",Entrenamiento,0,0.0,3357.0,3357,3357.0,0.0,122.0,0.0
"17 ago 2026, 13:52:59",Bicicleta,"27,74",27747.9,4585.0,8737,8737.0,214.0,124.0,6.052
"17 ago 2026, 0:08:24",Carrera,"15,01",15012.6,5254.0,5299,5299.0,76.2,,2.857
"16 ago 2026, 14:57:24",Carrera,"5,41",5416.4,2162.0,2538,2538.0,323.0,,2.505
"14 ago 2026, 13:18:51",Bicicleta,"36,33",36335.4,6486.0,7966,7966.0,451.0,129.0,5.602
"13 ago 2026, 13:46:39",Carrera,"8,74",8739.1,3760.0,3772,3772.0,99.9,,2.324
"12 ago 2026, 16:21:00",Entrenamiento,0,0.0,6529.0,6529,6529.0,0.0,115.0,0.0
"12 ago 2026, 13:37:44",Bicicleta,"34,23",34230.9,7245.0,7449,7449.0,518.6,136.0,4.725
"11 ago 2026, 16:21:00",Entrenamiento,0,0.0,4583.0,4583,4583.0,0.0,114.0,0.0
"11 ago 2026, 14:02:00",Carrera,"7,72",7725.7,3228.0,3228,3228.0,100.7,154.0,2.393
"10 ago 2026, 12:00:32",Caminata,"4,10",4100.0,3120.0,3120,3120.0,,,1.314
"9 ago 2026, 13:13:02",Carrera,"9,49",9497.5,4772.0,6750,6750.0,409.5,156.0,1.99
"8 ago 2026, 13:27:57",Bicicleta,"30,82",30820.6,5635.0,12904,12904.0,452.0,130.0,5.469
"7 ago 2026, 13:13:45",Caminata,"5,94",5945.6,3811.0,4261,4261.0,99.7,,1.56
"6 ago 2026, 14:25:03",Bicicleta,"41,65",41649.8,6912.0,7806,7806.0,450.0,144.0,6.026
"6 ago 2026, 8:00:00",Entrenamiento,0,0.0,7555.0,7555,7555.0,0.0,123.0,0.0
"5 ago 2026, 15:53:00",Entrenamiento,0,0.0,4215.0,4215,4215.0,0.0,106.0,0.0
"5 ago 2026, 14:44:04",Bicicleta,"10,14",10147.0,2111.0,2163,2163.0,63.9,,4.807
"5 ago 2026, 13:38:57",Carrera,"7,09",7092.9,2648.0,3063,3063.0,8.3,,2.679
"5 ago 2026, 0:03:02",Carrera,"6,42",6419.3,2612.0,2649,2649.0,20.9,158.0,2.458
"2 ago 2026, 21:27:54",Carrera,"4,54",4539.9,2277.0,3100,3100.0,394.1,170.0,1.994
"2 ago 2026, 20:11:55",Bicicleta,"20,53",20537.2,3708.0,17218,17218.0,178.0,140.0,5.539
"1 ago 2026, 14:14:03",Bicicleta,"50,79",50790.1,8469.0,16541,16541.0,438.0,136.0,5.997
"31 jul 2026, 13:27:49",Carrera,"8,26",8262.1,3242.0,3277,3277.0,65.6,171.0,2.548
"29 jul 2026, 14:35:56",Bicicleta,"29,81",29813.2,4533.0,4571,4571.0,284.0,,6.577
"25 jul 2026, 14:00:54",Carrera,"3,24",3239.0,1114.0,1114,1114.0,31.4,171.0,2.908
"25 jul 2026, 13:15:20",Carrera,"1,79",1791.7,716.0,716,716.0,57.1,154.0,2.502
"22 jul 2026, 12:33:50",Bicicleta,"30,88",30885.9,5261.0,9446,9446.0,444.0,,5.871
"18 jul 2026, 12:09:38",Caminata,"2,00",2000.0,1200.0,1200,1200.0,,,1.667
"9 jul 2026, 13:16:53",Carrera,"5,11",5110.0,1844.0,1847,1847.0,83.7,176.0,2.771
"6 jul 2026, 13:57:23",Bicicleta,"21,80",21801.0,3514.0,3915,3915.0,279.0,,6.204
"27 jun 2026, 13:17:16",Carrera,"6,14",6144.9,2215.0,2803,2803.0,8.3,,2.774
"22 jun 2026, 12:57:53",Bicicleta,"34,49",34498.9,5605.0,8992,8992.0,442.0,102.0,6.155
"22 jun 2026, 1:00:07",Carrera,"5,52",5520.1,2072.0,2403,2403.0,10.6,,2.664
"20 jun 2026, 13:47:50",Entrenamiento,0,0.0,1027.0,1027,1027.0,0.0,128.0,0.0
"20 jun 2026, 14:11:09",Carrera,"5,01",5013.5,1776.0,2047,2047.0,15.5,,2.823
"12 jun 2026, 13:10:05",Carrera,"5,17",5174.8,1829.0,1829,1829.0,87.8,,2.829
"11 jun 2026, 12:30:06",Bicicleta,"33,90",33899.6,5550.0,6374,6374.0,500.0,140.0,6.108
"9 jun 2026, 22:44:48",Bicicleta,"24,32",24323.2,3663.0,3725,3725.0,217.0,,6.64
"7 jun 2026, 11:29:29",Carrera,"16,41",16416.9,6960.0,8191,8191.0,1093.3,,2.359
"5 jun 2026, 4:03:07",Entrenamiento,0,0.0,1032.0,1032,1032.0,0.0,102.0,0.0
"4 jun 2026, 1:21:15",Carrera,"10,30",10300.1,3938.0,4054,4054.0,19.6,,2.616
"31 may 2026, 12:36:11",Carrera,"15,00",15000.7,4971.0,5016,5016.0,104.5,,3.018
"29 may 2026, 13:47:07",Carrera,"7,61",7618.4,2741.0,3885,3885.0,105.6,,2.779
"29 may 2026, 0:55:06",Carrera,"1,50",1500.0,540.0,540,540.0,0.0,,2.778
"28 may 2026, 23:54:28",Carrera,"9,56",9564.9,3392.0,3484,3484.0,51.2,,2.82
"25 may 2026, 17:31:00",Carrera,"2,33",2330.0,1460.0,1460,1460.0,226.0,,1.596
"25 may 2026, 16:46:00",Carrera,"2,06",2060.0,1440.0,1440,1440.0,220.0,,1.431
"25 may 2026, 16:10:20",Carrera,"3,31",3312.2,1772.0,2166,2166.0,255.3,,1.869
"20 may 2026, 12:55:00",Carrera,"5,20",5200.0,1980.0,1980,1980.0,90.0,,2.626
"19 may 2026, 13:03:47",Carrera,"11,60",11603.9,4108.0,4167,4167.0,17.5,,2.825
"17 may 2026, 16:46:03",Bicicleta,"13,92",13920.4,1985.0,2318,2318.0,113.0,,7.013
"17 may 2026, 13:46:50",Carrera,"3,56",3559.4,1864.0,9354,9354.0,323.0,,1.91
"17 may 2026, 11:56:52",Bicicleta,"12,51",12512.2,3328.0,5847,5847.0,214.0,,3.76
"14 may 2026, 13:38:34",Bicicleta,"36,28",36284.3,6158.0,6464,6464.0,642.0,156.0,5.892
"12 may 2026, 22:40:32",Carrera,"5,02",5019.7,1729.0,1786,1786.0,85.8,,2.903
"8 may 2026, 12:26:36",Carrera,"10,16",10160.5,3515.0,3707,3707.0,16.1,,2.891
"5 may 2026, 12:59:14",Carrera,"6,16",6160.6,2103.0,2131,2131.0,8.1,,2.929
"3 may 2026, 14:00:00",Carrera,"12,10",12100.0,4265.0,4265,4265.0,3.0,,2.837
"2 may 2026, 17:34:13",Caminata,"7,73",7737.6,6874.0,8154,8154.0,339.0,,1.126
"1 may 2026, 23:10:50",Bicicleta,"46,15",46158.8,7636.0,10551,10551.0,416.0,136.0,6.045
"30 abr 2026, 13:44:42",Carrera,"5,69",5696.9,1980.0,2351,2351.0,19.0,158.0,2.877
"28 abr 2026, 13:49:50",Carrera,"5,10",5102.9,1786.0,1802,1802.0,89.1,,2.857
"25 abr 2026, 12:33:22",Carrera,"18,17",18175.6,6697.0,6801,6801.0,207.8,,2.714
"21 abr 2026, 12:55:21",Carrera,"6,94",6946.9,2371.0,2381,2381.0,11.4,,2.93
"19 abr 2026, 12:48:34",Caminata,"8,66",8664.8,9748.0,14876,14876.0,1083.3,,0.889
"16 abr 2026, 14:47:17",Carrera,"3,98",3987.0,1414.0,1434,1434.0,69.6,158.0,2.82
"12 abr 2026, 15:50:53",Senderismo,"1,31",1313.7,1165.0,5723,5723.0,97.7,,1.128
"11 abr 2026, 20:00:00",Carrera,"10,92",10920.0,6806.0,6806,6806.0,1066.0,,1.604
"9 abr 2026, 13:01:27",Bicicleta,"28,13",28129.3,4457.0,4732,4732.0,290.0,,6.311
"8 abr 2026, 23:36:00",Carrera,"5,36",5360.0,2060.0,2060,2060.0,92.0,,2.602
"7 abr 2026, 13:19:43",Carrera,"5,23",5237.1,2025.0,2062,2062.0,13.3,140.0,2.586
"6 abr 2026, 13:32:47",Bicicleta,"24,30",24301.7,3858.0,3905,3905.0,219.0,,6.299
"5 abr 2026, 16:36:58",Entrenamiento,0,0.0,2325.0,2325,2325.0,0.0,122.0,0.0
"5 abr 2026, 14:43:00",Carrera,"10,15",10150.0,3650.0,3650,3650.0,210.0,,2.781
"4 abr 2026, 23:03:53",Caminata,"4,13",4134.4,2617.0,2635,2635.0,68.3,,1.58
"3 abr 2026, 22:22:40",Carrera,"4,88",4888.0,2399.0,3816,3816.0,310.9,165.0,2.038
"3 abr 2026, 22:00:53",Carrera,"1,90",1901.2,938.0,1248,1248.0,220.4,173.0,2.027
"3 abr 2026, 21:04:19",Bicicleta,"25,12",25128.4,4692.0,11603,11603.0,296.0,133.0,5.356
"2 abr 2026, 15:00:25",Bicicleta,"40,90",40908.2,6855.0,7689,7689.0,573.0,130.0,5.968
"1 abr 2026, 13:14:39",Carrera,"7,09",7092.4,2624.0,2898,2898.0,103.3,99.0,2.703
"31 mar 2026, 13:09:38",Carrera,"5,38",5379.9,2040.0,2320,2320.0,6.5,161.0,2.637
"30 mar 2026, 15:21:50",Entrenamiento,0,0.0,1326.0,1326,1326.0,0.0,116.0,0.0
"30 mar 2026, 14:28:21",Caminata,"3,08",3081.5,1735.0,1735,1735.0,59.9,,1.776
"29 mar 2026, 16:19:05",Carrera,"4,01",4009.6,1911.0,3481,3481.0,60.2,160.0,2.098
"29 mar 2026, 15:17:00",Carrera,"3,68",3687.9,3074.0,3094,3094.0,511.0,,1.2
"29 mar 2026, 13:55:11",Bicicleta,"38,24",38239.6,7220.0,20847,20847.0,447.0,134.0,5.296
"28 mar 2026, 13:42:00",Senderismo,"7,46",7460.0,10200.0,10200,10200.0,330.0,,0.731
"28 mar 2026, 11:07:11",Carrera,"15,44",15442.7,6069.0,8732,8732.0,116.2,141.0,2.545
"27 mar 2026, 13:55:14",Carrera,"5,25",5257.5,2089.0,2092,2092.0,89.1,,2.517
"26 mar 2026, 22:57:36",Bicicleta,"51,70",51703.4,9728.0,16869,16869.0,736.0,129.0,5.315
"26 mar 2026, 13:47:18",Carrera,"10,39",10391.2,3798.0,3808,3808.0,26.4,159.0,2.736
"25 mar 2026, 22:53:39",Carrera,"10,74",10739.6,3986.0,4500,4500.0,163.0,161.0,2.694
"24 mar 2026, 21:30:42",Bicicleta,"36,29",36296.9,6146.0,7991,7991.0,371.0,124.0,5.906
"22 mar 2026, 13:50:32",Carrera,"21,94",21943.5,10044.0,15154,15154.0,2045.8,158.0,2.185
"21 mar 2026, 20:28:49",Carrera,"4,46",4459.5,1993.0,2739,2739.0,326.3,,2.238
"21 mar 2026, 20:04:36",Carrera,"1,78",1781.3,796.0,1410,1410.0,174.8,,2.238
"20 mar 2026, 17:47:05",Entrenamiento,0,0.0,2407.0,2407,2407.0,0.0,113.0,0.0
"20 mar 2026, 13:29:53",Bicicleta,"28,21",28211.2,4673.0,6883,6883.0,223.0,,6.037
"19 mar 2026, 13:03:06",Carrera,"6,45",6454.4,2710.0,2727,2727.0,9.9,,2.382
"18 mar 2026, 13:20:32",Carrera,"11,32",11328.1,4093.0,4768,4768.0,147.8,156.0,2.768
"17 mar 2026, 14:22:18",Carrera,"7,46",7468.0,2804.0,3162,3162.0,179.7,165.0,2.663
"16 mar 2026, 12:42:38",Bicicleta,"31,58",31582.4,5353.0,7697,7697.0,400.0,126.0,5.9
"15 mar 2026, 12:35:49",Carrera,"3,43",3434.6,1274.0,1306,1306.0,31.7,,2.696
"14 mar 2026, 15:32:28",Carrera,"10,51",10516.3,4888.0,11218,11218.0,1055.0,156.0,2.151
"13 mar 2026, 22:05:23",Bicicleta,"26,58",26585.6,4494.0,4752,4752.0,225.0,,5.916
"13 mar 2026, 0:15:23",Carrera,"9,17",9175.9,3225.0,3794,3794.0,102.6,,2.845
"11 mar 2026, 23:38:27",Carrera,"8,45",8456.3,3395.0,3408,3408.0,19.8,,2.491
"10 mar 2026, 23:42:05",Carrera,"4,45",4457.8,2669.0,4553,4553.0,92.2,117.0,1.67
"10 mar 2026, 22:56:00",Carrera,"3,35",3350.0,1544.0,1544,1544.0,226.0,,2.17
"10 mar 2026, 21:56:44",Carrera,"4,22",4225.8,2184.0,2800,2800.0,567.8,164.0,1.935
"10 mar 2026, 13:28:54",Carrera,"4,86",4864.4,1782.0,2081,2081.0,7.8,158.0,2.73
"9 mar 2026, 14:48:07",Bicicleta,"50,05",50056.5,7585.0,9385,9385.0,469.0,132.0,6.599
"8 mar 2026, 14:06:22",Bicicleta,"15,65",15655.0,4260.0,8222,8222.0,140.0,,3.675
"7 mar 2026, 12:01:59",Carrera,"16,08",16080.2,7930.0,9109,9109.0,899.9,157.0,2.028
"6 mar 2026, 15:50:24",Carrera,"5,31",5314.5,1978.0,1991,1991.0,83.3,,2.687
"5 mar 2026, 22:29:08",Carrera,"10,01",10014.5,3815.0,3820,3820.0,210.6,165.0,2.625
"4 mar 2026, 14:46:03",Carrera,"4,25",4256.5,2063.0,3236,3236.0,278.6,163.0,2.063
"4 mar 2026, 13:52:59",Bicicleta,"25,10",25102.5,4598.0,8801,8801.0,294.0,140.0,5.459
"3 mar 2026, 13:43:35",Carrera,"3,07",3071.2,949.0,1318,1318.0,0.0,163.0,3.236
"2 mar 2026, 12:17:48",Carrera,"6,71",6713.1,2443.0,2588,2588.0,19.4,,2.748
"28 feb 2026, 22:56:26",Carrera,"9,50",9504.0,4626.0,7389,7389.0,774.3,164.0,2.054
"28 feb 2026, 21:15:01",Bicicleta,"34,60",34601.4,5861.0,17984,17984.0,378.0,139.0,5.904
"28 feb 2026, 0:04:28",Carrera,"5,53",5530.8,2160.0,2193,2193.0,58.6,,2.561
"27 feb 2026, 13:46:45",Bicicleta,"30,57",30570.4,4957.0,5717,5717.0,300.0,,6.167
"26 feb 2026, 23:06:10",Carrera,"7,36",7365.6,2679.0,2685,2685.0,16.5,168.0,2.749
"25 feb 2026, 22:32:38",Carrera,"10,00",10002.1,3673.0,3898,3898.0,172.0,,2.723
"23 feb 2026, 13:10:33",Carrera,"3,85",3856.3,2400.0,3641,3641.0,382.4,163.0,1.607
"23 feb 2026, 12:01:12",Bicicleta,"29,14",29143.1,5550.0,11143,11143.0,367.0,131.0,5.251
"22 feb 2026, 13:35:50",Carrera,"6,31",6312.0,2513.0,2788,2788.0,101.8,169.0,2.512
"22 feb 2026, 10:58:07",Bicicleta,"12,69",12692.5,2111.0,4269,4269.0,113.0,130.0,6.013
"22 feb 2026, 1:10:14",Entrenamiento,0,0.0,5828.0,5828,5828.0,0.0,123.0,0.0
"20 feb 2026, 14:20:17",Bicicleta,"30,74",30748.6,4791.0,4977,4977.0,406.0,156.0,6.418
"19 feb 2026, 13:44:18",Carrera,"5,05",5058.5,1742.0,1839,1839.0,11.9,171.0,2.904
"17 feb 2026, 13:03:59",Bicicleta,"50,24",50244.8,11554.0,17425,17425.0,712.0,146.0,4.349
"15 feb 2026, 19:49:58",Carrera,"11,14",11144.6,4402.0,5853,5853.0,273.8,174.0,2.532
"15 feb 2026, 13:52:36",Bicicleta,"1,27",1275.7,392.0,469,469.0,28.9,,3.254
"11 feb 2026, 12:58:25",Carrera,"5,21",5213.6,1933.0,1933,1933.0,91.9,180.0,2.697
"8 feb 2026, 14:21:14",Bicicleta,"28,24",28248.4,4938.0,6678,6678.0,393.0,150.0,5.721
"6 feb 2026, 13:42:23",Carrera,"5,20",5202.1,1952.0,2222,2222.0,94.5,179.0,2.665
"24 ene 2026, 12:42:13",Carrera,"5,18",5185.9,1891.0,1891,1891.0,7.4,,2.742
"20 ene 2026, 12:24:58",Bicicleta,"30,33",30334.4,4647.0,5071,5071.0,397.0,161.0,6.528
"19 ene 2026, 0:31:54",Carrera,"4,05",4049.2,1385.0,1411,1411.0,68.7,177.0,2.924
"17 ene 2026, 18:38:16",Bicicleta,"25,46",25463.0,5351.0,25882,25882.0,208.0,,4.759
"12 ene 2026, 12:34:35",Bicicleta,"32,51",32512.8,5168.0,5203,5203.0,459.0,155.0,6.291
"3 ene 2026, 22:25:02",Caminata,"8,41",8417.8,7005.0,12773,12773.0,580.9,,1.202
"2 ene 2026, 12:04:24",Bicicleta,"32,66",32667.5,5100.0,5701,5701.0,410.0,147.0,6.405
"31 dic 2025, 14:16:03",Carrera,"7,03",7033.1,2322.0,2544,2544.0,104.8,174.0,3.029
"30 dic 2025, 13:33:46",Bicicleta,"34,27",34275.6,5459.0,7601,7601.0,324.0,146.0,6.279
"27 dic 2025, 17:47:13",Carrera,"7,91",7916.1,3295.0,5387,5387.0,396.2,173.0,2.402
"26 dic 2025, 14:20:44",Bicicleta,"32,73",32736.5,6453.0,8514,8514.0,503.0,,5.073
"22 dic 2025, 12:50:53",Bicicleta,"58,13",58132.5,10055.0,11234,11234.0,1062.0,153.0,5.781
"20 dic 2025, 18:46:29",Bicicleta,"14,49",14491.0,1890.0,4039,4039.0,63.0,,7.667
"20 dic 2025, 14:07:37",Senderismo,"9,25",9254.1,10684.0,15481,15481.0,689.0,,0.866
"20 dic 2025, 12:41:17",Bicicleta,"13,84",13848.8,3013.0,3440,3440.0,281.0,,4.596
"16 dic 2025, 12:21:20",Carrera,"3,56",3565.3,1300.0,1573,1573.0,4.7,167.0,2.743
"14 dic 2025, 13:58:53",Carrera,"5,90",5908.7,2607.0,5230,5230.0,709.4,172.0,2.266
"11 dic 2025, 12:51:48",Carrera,"7,77",7778.5,3112.0,3319,3319.0,190.1,174.0,2.5
"9 dic 2025, 23:50:56",Carrera,"8,65",8651.1,7030.0,9906,9906.0,635.4,156.0,1.231
"8 dic 2025, 12:20:40",Carrera,"5,56",5564.4,2266.0,2346,2346.0,29.1,179.0,2.456
"5 dic 2025, 13:15:08",Bicicleta,"32,07",32069.3,5473.0,6571,6571.0,443.0,158.0,5.86
"3 dic 2025, 12:57:59",Carrera,"5,18",5179.0,2015.0,2015,2015.0,90.3,141.0,2.57
"25 nov 2025, 12:17:46",Bicicleta,"31,60",31607.3,5906.0,6539,6539.0,452.0,139.0,5.352
"14 nov 2025, 17:50:12",Bicicleta,"15,13",15131.3,2567.0,12955,12955.0,139.0,,5.895
"9 nov 2025, 19:44:06",Caminata,"3,68",3681.0,3891.0,4420,4420.0,6.0,,0.946
"9 nov 2025, 11:33:01",Carrera,"8,32",8321.9,2910.0,3384,3384.0,24.2,,2.86
"5 nov 2025, 3:16:57",Bicicleta,"16,68",16682.3,2307.0,2500,2500.0,116.0,,7.231
"4 nov 2025, 23:30:09",Carrera,"7,55",7554.0,5536.0,6121,6121.0,604.4,,1.365
"4 nov 2025, 21:56:20",Bicicleta,"17,30",17304.1,3107.0,3723,3723.0,223.0,,5.569
"3 nov 2025, 16:16:58",Bicicleta,"20,20",20204.8,3323.0,4399,4399.0,300.2,158.0,6.08
"3 nov 2025, 14:20:41",Bicicleta,"23,54",23547.1,3458.0,3747,3747.0,191.0,149.0,6.809
"1 nov 2025, 15:01:25",Bicicleta,"1,51",1514.2,282.0,304,304.0,28.0,,5.37
"1 nov 2025, 13:49:07",Carrera,"5,16",5162.1,1887.0,1887,1887.0,45.3,184.0,2.736
"31 oct 2025, 12:13:43",Bicicleta,"29,04",29042.3,4289.0,4666,4666.0,237.0,155.0,6.771
"25 oct 2025, 11:16:14",Bicicleta,"28,24",28247.9,4790.0,6048,6048.0,393.0,149.0,5.897
"18 oct 2025, 13:48:37",Carrera,"7,44",7446.6,2644.0,2729,2729.0,95.5,183.0,2.816
"10 oct 2025, 17:36:21",Bicicleta,"17,23",17233.8,2778.0,4483,4483.0,111.3,142.0,6.204
"10 oct 2025, 14:07:29",Senderismo,"8,38",8388.6,8208.0,11851,11851.0,640.0,136.0,1.022
"10 oct 2025, 12:38:45",Bicicleta,"18,54",18539.7,3744.0,4289,4289.0,270.8,141.0,4.952
"30 sept 2025, 16:57:33",Carrera,"5,14",5146.8,1739.0,1884,1884.0,87.5,171.0,2.96
"28 sept 2025, 10:36:40",Bicicleta,"77,21",77216.8,14264.0,21400,21400.0,1237.0,145.0,5.413
"26 sept 2025, 23:28:58",Carrera,"11,00",11001.4,3993.0,5986,5986.0,91.1,155.0,2.755
"24 sept 2025, 21:59:30",Bicicleta,"50,88",50887.0,7888.0,9754,9754.0,633.0,146.0,6.451
"23 sept 2025, 22:12:29",Carrera,"5,19",5197.8,1600.0,1671,1671.0,88.9,,3.249
"22 sept 2025, 11:32:21",Bicicleta,"34,10",34108.8,5505.0,5648,5648.0,423.0,140.0,6.196
"20 sept 2025, 13:52:52",Bicicleta,"60,53",60535.1,9582.0,10607,10607.0,725.0,145.0,6.318
"19 sept 2025, 23:49:33",Carrera,"5,09",5091.0,1653.0,1686,1686.0,9.2,167.0,3.08
"18 sept 2025, 23:04:53",Bicicleta,"31,04",31040.7,5223.0,6437,6437.0,319.0,126.0,5.943
"17 sept 2025, 22:59:55",Bicicleta,"52,30",52306.0,8787.0,13315,13315.0,643.0,136.0,5.953
"17 sept 2025, 0:12:51",Carrera,"5,18",5183.1,1837.0,1840,1840.0,7.3,165.0,2.822
"14 sept 2025, 14:23:15",Bicicleta,"31,86",31864.2,6565.0,6585,6585.0,858.8,168.0,4.854
"14 sept 2025, 13:32:11",Bicicleta,"3,71",3713.7,1655.0,2754,2754.0,15.0,114.0,2.244
"12 sept 2025, 12:04:00",Caminata,"4,02",4024.1,2530.0,2563,2563.0,68.8,,1.591
"11 sept 2025, 21:49:29",Bicicleta,"29,18",29184.3,5748.0,8063,8063.0,197.0,,5.077
"10 sept 2025, 21:23:04",Bicicleta,"51,53",51536.7,8821.0,9651,9651.0,911.0,145.0,5.843
"9 sept 2025, 22:27:42",Bicicleta,"48,01",48016.1,8872.0,10925,10925.0,817.0,136.0,5.412
"8 sept 2025, 11:41:56",Bicicleta,"28,50",28503.7,4391.0,4646,4646.0,308.0,,6.491
"7 sept 2025, 22:44:17",Caminata,"4,97",4977.6,5077.0,8492,8492.0,440.8,,0.98
"7 sept 2025, 20:05:18",Bicicleta,"30,10",30100.3,4949.0,24010,24010.0,426.0,99.0,6.082
"5 sept 2025, 11:22:26",Bicicleta,"36,03",36037.6,5638.0,5876,5876.0,463.0,145.0,6.392
"4 sept 2025, 22:39:42",Bicicleta,"36,14",36139.2,6332.0,9297,9297.0,463.0,137.0,5.707
"3 sept 2025, 22:56:00",Bicicleta,"36,94",36940.8,6992.0,9904,9904.0,540.6,133.0,5.283
"2 sept 2025, 21:38:48",Bicicleta,"42,54",42547.3,5846.0,6305,6305.0,428.6,147.0,7.278
"1 sept 2025, 11:52:07",Caminata,"3,99",3997.7,2776.0,2809,2809.0,67.0,,1.44
"31 ago 2025, 13:15:07",Carrera,"7,79",7795.0,3305.0,3835,3835.0,401.5,,2.359
"30 ago 2025, 22:47:48",Bicicleta,"4,84",4846.1,1196.0,3302,3302.0,33.0,123.0,4.052
"30 ago 2025, 20:11:37",Bicicleta,"46,41",46415.7,8027.0,9149,9149.0,504.2,131.0,5.782
"30 ago 2025, 15:19:50",Caminata,"6,27",6273.1,5887.0,9211,9211.0,269.2,,1.066
"28 ago 2025, 23:32:35",Carrera,"5,10",5102.8,1797.0,1846,1846.0,80.2,165.0,2.84
"27 ago 2025, 23:21:38",Carrera,"5,00",5000.4,1734.0,1837,1837.0,4.1,163.0,2.884
"26 ago 2025, 20:37:18",Bicicleta,"50,40",50404.1,9385.0,10167,10167.0,910.0,145.0,5.371
"24 ago 2025, 15:08:09",Caminata,"5,14",5140.0,5423.0,5523,5523.0,214.0,102.0,0.948
"24 ago 2025, 13:58:01",Carrera,"4,92",4924.0,2751.0,2859,2859.0,351.4,138.0,1.79
"23 ago 2025, 16:36:55",Bicicleta,"5,87",5875.9,1620.0,3353,3353.0,30.0,,3.627
"23 ago 2025, 14:46:37",Bicicleta,"2,05",2049.7,756.0,2018,2018.0,15.0,,2.711
"22 ago 2025, 22:55:38",Bicicleta,"34,61",34616.4,6225.0,7163,7163.0,445.0,,5.561
"21 ago 2025, 12:29:50",Carrera,"5,20",5200.0,2040.0,2040,2040.0,0.0,,2.549
"21 ago 2025, 11:53:37",Carrera,"5,02",5024.1,1710.0,1713,1713.0,69.0,167.0,2.938
"19 ago 2025, 22:00:34",Carrera,"4,01",4018.7,1305.0,1407,1407.0,67.4,168.0,3.079
"18 ago 2025, 22:57:44",Bicicleta,"39,24",39248.2,7344.0,10680,10680.0,695.0,140.0,5.344
"17 ago 2025, 15:12:14",Bicicleta,"21,52",21526.6,2908.0,8304,8304.0,123.0,147.0,7.403
"17 ago 2025, 12:13:48",Bicicleta,"29,33",29333.2,7627.0,10695,10695.0,726.0,148.0,3.846
"17 ago 2025, 10:57:00",Bicicleta,"12,32",12326.8,2024.0,4543,4543.0,124.0,140.0,6.09
"16 ago 2025, 21:03:00",Bicicleta,"34,35",34357.3,7478.0,9503,9503.0,353.0,113.0,4.594
"15 ago 2025, 22:52:29",Bicicleta,"50,73",50738.2,9582.0,13665,13665.0,531.0,128.0,5.295
"14 ago 2025, 23:47:27",Carrera,"10,14",10147.6,3990.0,3990,3990.0,10.6,165.0,2.543
"13 ago 2025, 22:53:22",Bicicleta,"46,45",46455.7,7328.0,9252,9252.0,614.0,151.0,6.339
"11 ago 2025, 17:21:07",Remo,12.377,12376.9,5612.0,7762,7762.0,404.4,,2.205
"10 ago 2025, 14:02:02",Bicicleta,"37,21",37214.8,6442.0,7287,7287.0,608.0,160.0,5.777
"10 ago 2025, 12:40:26",Bicicleta,"4,09",4096.8,734.0,4885,4885.0,33.8,145.0,5.581
"10 ago 2025, 0:47:26",Bicicleta,"6,88",6880.0,1431.0,2103,2103.0,44.0,,4.808
"9 ago 2025, 23:47:50",Bicicleta,"21,11",21115.4,3500.0,3574,3574.0,171.0,,6.033
"8 ago 2025, 13:52:11",Caminata,"3,95",3951.5,2498.0,2498,2498.0,64.9,,1.582
"7 ago 2025, 12:45:08",Carrera,"5,04",5046.1,1957.0,2103,2103.0,4.4,164.0,2.578
"7 ago 2025, 0:18:45",Carrera,"4,24",4241.9,1414.0,1511,1511.0,40.4,171.0,3.0
"5 ago 2025, 11:59:54",Bicicleta,"94,61",94610.9,16303.0,23871,23871.0,1185.0,144.0,5.803
"3 ago 2025, 13:58:39",Carrera,"5,30",5301.8,2936.0,8776,8776.0,204.9,109.0,1.806
"3 ago 2025, 13:04:43",Carrera,"4,23",4230.7,2228.0,3033,3033.0,322.4,161.0,1.899
"2 ago 2025, 11:09:24",Bicicleta,"30,36",30364.8,5790.0,6323,6323.0,506.0,,5.244
"1 ago 2025, 13:21:18",Carrera,"3,24",3241.5,1171.0,1449,1449.0,6.2,169.0,2.768
"31 jul 2025, 12:24:59",Bicicleta,"65,05",65057.4,10934.0,11962,11962.0,931.0,150.0,5.95
"30 jul 2025, 13:04:22",Caminata,"4,99",4998.9,3465.0,3571,3571.0,4.5,,1.443
"29 jul 2025, 23:33:20",Carrera,"8,35",8352.1,3204.0,3628,3628.0,139.3,178.0,2.607
"29 jul 2025, 13:34:37",Bicicleta,"40,05",40051.4,8340.0,10396,10396.0,606.0,139.0,4.86
"28 jul 2025, 13:24:02",Carrera,"2,13",2134.6,765.0,769,769.0,2.1,177.0,2.79
"27 jul 2025, 20:50:44",Bicicleta,"52,21",52213.4,8091.0,14263,14263.0,628.0,155.0,6.482
"26 jul 2025, 11:56:18",Caminata,"4,76",4763.1,3261.0,3280,3280.0,2.1,,1.461
"25 jul 2025, 22:51:47",Bicicleta,"38,64",38646.1,7272.0,11387,11387.0,511.0,151.0,5.491
"29 jun 2025, 14:27:26",Bicicleta,"5,29",5297.3,877.0,3949,3949.0,86.0,,6.04
"29 jun 2025, 11:10:49",Bicicleta,"28,17",28169.8,4564.0,4782,4782.0,385.0,159.0,6.172
"28 jun 2025, 22:01:02",Bicicleta,"5,41",5411.6,998.0,1214,1214.0,90.4,,5.422
"21 jun 2025, 18:43:24",Bicicleta,"13,96",13961.4,2326.0,27372,27372.0,110.6,,6.002
"14 jun 2025, 22:59:56",Bicicleta,"5,36",5363.6,1982.0,4920,4920.0,88.6,,2.706
"7 jun 2025, 17:19:40",Remo,22.221,22221.1,7206.0,8519,8519.0,504.2,,3.084
"6 jun 2025, 11:14:29",Bicicleta,"35,59",35593.4,6105.0,7005,7005.0,466.0,151.0,5.83
"1 jun 2025, 13:14:11",Bicicleta,"40,20",,,14943,,1589.4,158.0,
"30 may 2025, 12:24:41",Bicicleta,"58,78",58784.4,11091.0,11970,11970.0,1081.3,158.0,5.3
"23 may 2025, 13:09:28",Carrera,"5,02",5021.6,2054.0,2067,2067.0,8.0,172.0,2.445
"20 may 2025, 11:51:31",Bicicleta,"36,27",36269.2,5612.0,5810,5810.0,460.0,151.0,6.463
"17 may 2025, 21:56:07",Bicicleta,"5,33",5330.5,999.0,9021,9021.0,88.7,,5.336
"4 may 2025, 15:48:30",Bicicleta,"36,38",36386.6,12251.0,13169,13169.0,1455.7,151.0,2.97
"3 may 2025, 20:32:10",Bicicleta,"5,33",5331.7,968.0,13547,13547.0,89.2,,5.508
"2 may 2025, 22:04:03",Bicicleta,"7,50",7504.6,1627.0,2757,2757.0,75.7,,4.613
"2 may 2025, 11:48:03",Bicicleta,"77,60",77601.3,11635.0,15364,15364.0,684.0,144.0,6.67
"1 may 2025, 11:29:28",Bicicleta,"31,21",31212.7,4973.0,5431,5431.0,388.0,,6.276
"29 abr 2025, 11:42:58",Bicicleta,"42,17",42170.1,7475.0,8475,8475.0,729.0,150.0,5.641
"26 abr 2025, 18:00:48",Bicicleta,"7,88",7888.3,1467.0,9563,9563.0,65.0,,5.377
"24 abr 2025, 20:53:39",Bicicleta,"5,57",5572.0,1043.0,6859,6859.0,55.7,,5.342
"19 abr 2025, 10:06:35",Bicicleta,"108,63",108633.3,19416.0,32723,32723.0,2028.0,148.0,5.595
"18 abr 2025, 11:59:26",Bicicleta,"59,02",59020.8,10499.0,16616,16616.0,718.0,141.0,5.622
"16 abr 2025, 12:06:48",Bicicleta,"49,01",49009.3,7715.0,7884,7884.0,698.6,155.0,6.352
"12 abr 2025, 22:03:22",Bicicleta,"5,34",5343.4,912.0,8527,8527.0,89.7,,5.859
"6 abr 2025, 14:29:02",Carrera,"4,12",4123.3,1205.0,1205,1205.0,32.2,108.0,3.422
"4 abr 2025, 12:30:17",Bicicleta,"33,55",33552.7,5734.0,6000,6000.0,393.0,,5.852
"3 abr 2025, 12:19:55",Carrera,"5,11",5118.0,1572.0,1860,1860.0,9.0,170.0,3.256
"1 abr 2025, 12:58:33",Carrera,"5,20",5203.9,1612.0,1805,1805.0,10.7,169.0,3.228
"31 mar 2025, 11:56:31",Caminata,"4,90",4901.3,3181.0,3214,3214.0,0.0,,1.541
"30 mar 2025, 14:34:06",Bicicleta,"33,67",33675.3,8183.0,8302,8302.0,1168.8,161.0,4.115
"30 mar 2025, 14:01:10",Bicicleta,"3,41",3417.1,1098.0,1776,1776.0,27.0,132.0,3.112
"29 mar 2025, 13:04:20",Caminata,"8,07",8070.9,7711.0,15503,15503.0,395.0,,1.047
"28 mar 2025, 22:41:08",Bicicleta,"12,09",12098.5,2603.0,3818,3818.0,82.2,,4.648
"28 mar 2025, 13:17:43",Bicicleta,"28,22",28225.1,4841.0,5098,5098.0,265.7,,5.83
"26 mar 2025, 11:48:57",Bicicleta,"45,97",45977.6,9424.0,11022,11022.0,1206.7,153.0,4.879
"25 mar 2025, 12:39:43",Bicicleta,"30,74",30741.2,5695.0,5929,5929.0,404.0,121.0,5.398
"24 mar 2025, 12:00:09",Bicicleta,"72,03",72030.6,10304.0,11228,11228.0,1022.3,147.0,6.991
"22 mar 2025, 12:27:26",Bicicleta,"46,78",46783.9,9181.0,13130,13130.0,466.0,,5.096
"21 mar 2025, 12:00:22",Bicicleta,"33,40",33405.9,6602.0,7418,7418.0,690.6,139.0,5.06
"20 mar 2025, 20:19:24",Bicicleta,"32,79",32798.7,4790.0,5101,5101.0,434.0,152.0,6.847
"19 mar 2025, 13:14:09",Bicicleta,"40,13",40135.8,7084.0,7486,7486.0,704.3,145.0,5.666
"18 mar 2025, 13:07:05",Bicicleta,"51,57",51569.7,7631.0,8460,8460.0,651.0,147.0,6.758
"16 mar 2025, 16:58:06",Bicicleta,"35,76",35762.2,11189.0,13194,13194.0,1411.1,149.0,3.196
"15 mar 2025, 21:02:55",Bicicleta,"33,18",33179.6,7074.0,10135,10135.0,455.0,,4.69
"14 mar 2025, 21:21:44",Bicicleta,"7,49",7496.3,1862.0,6458,6458.0,56.3,,4.026
"14 mar 2025, 17:08:02",Bicicleta,"8,26",8265.5,1299.0,1299,1299.0,74.7,,6.363
"14 mar 2025, 12:29:33",Bicicleta,"43,69",43691.6,7261.0,8679,8679.0,646.0,142.0,6.017
"13 mar 2025, 12:13:21",Carrera,"5,72",5727.9,1800.0,1800,1800.0,6.4,172.0,3.182
"13 mar 2025, 0:22:16",Carrera,"5,04",5047.8,1768.0,1771,1771.0,7.9,161.0,2.855
"12 mar 2025, 0:47:02",Bicicleta,"1,54",1542.4,294.0,309,309.0,52.6,,5.246
"12 mar 2025, 0:30:01",Bicicleta,"1,53",1533.0,289.0,359,359.0,52.1,,5.304
"10 mar 2025, 13:08:30",Carrera,"6,18",6184.8,2219.0,2219,2219.0,12.6,169.0,2.787
"10 mar 2025, 1:37:38",Carrera,"5,01",5009.4,1622.0,1622,1622.0,4.2,165.0,3.088
"8 mar 2025, 13:02:22",Bicicleta,"27,21",27209.7,6633.0,12898,12898.0,285.0,,4.102
"7 mar 2025, 13:16:44",Bicicleta,"64,54",64542.9,9003.0,10682,10682.0,738.0,160.0,7.169
"5 mar 2025, 13:51:20",Bicicleta,"37,43",37430.1,5995.0,6625,6625.0,510.0,147.0,6.244
"2 mar 2025, 15:02:05",Bicicleta,"44,27",44275.5,9382.0,11864,11864.0,1167.6,145.0,4.719
"1 mar 2025, 20:23:53",Bicicleta,"3,49",3497.3,1184.0,2242,2242.0,64.7,,2.954
"1 mar 2025, 19:07:57",Bicicleta,"4,16",4159.8,1535.0,3829,3829.0,154.6,,2.71
"28 feb 2025, 12:27:21",Bicicleta,"57,07",57069.3,10047.0,11561,11561.0,1127.5,145.0,5.68
"27 feb 2025, 11:57:12",Carrera,"5,30",5300.6,2069.0,2072,2072.0,8.0,,2.562
"26 feb 2025, 13:13:49",Carrera,"5,15",5150.1,1747.0,1747,1747.0,6.8,171.0,2.948
"25 feb 2025, 12:49:51",Bicicleta,"47,79",47791.6,7244.0,8057,8057.0,421.0,137.0,6.597
"24 feb 2025, 23:29:56",Carrera,"5,00",5003.9,1546.0,1546,1546.0,4.3,181.0,3.237
"23 feb 2025, 13:15:53",Bicicleta,"38,68",38688.5,7625.0,8596,8596.0,838.6,151.0,5.074
"22 feb 2025, 13:21:21",Bicicleta,"41,10",41107.9,6805.0,7898,7898.0,667.9,147.0,6.041
"18 feb 2025, 11:56:11",Caminata,"6,31",6316.1,4241.0,4241,4241.0,3.1,,1.489
"17 feb 2025, 14:40:37",Bicicleta,"40,46",40466.8,7055.0,7312,7312.0,609.9,,5.736
"16 feb 2025, 13:47:09",Carrera,"9,77",9774.3,3508.0,3543,3543.0,259.2,175.0,2.786
"15 feb 2025, 11:53:01",Bicicleta,"45,24",45244.3,8234.0,13311,13311.0,532.0,128.0,5.495
"13 feb 2025, 13:55:11",Carrera,"10,14",10148.7,3507.0,4201,4201.0,225.5,168.0,2.894
"12 feb 2025, 19:57:18",Bicicleta,"2,16",2167.2,498.0,498,498.0,54.7,,4.352
"12 feb 2025, 13:13:08",Carrera,"5,02",5019.1,1790.0,2055,2055.0,4.3,158.0,2.804
"11 feb 2025, 13:55:11",Bicicleta,"46,44",46444.1,8094.0,9164,9164.0,777.2,143.0,5.738
"10 feb 2025, 21:17:38",Bicicleta,"20,64",20648.3,3639.0,8173,8173.0,209.3,,5.674
"10 feb 2025, 0:09:16",Carrera,"5,43",5433.6,1945.0,2208,2208.0,7.2,174.0,2.794
"8 feb 2025, 21:00:16",Carrera,"4,97",4970.1,1969.0,3716,3716.0,444.1,,2.524
"6 feb 2025, 12:54:35",Carrera,"10,22",10227.7,3647.0,4114,4114.0,16.5,166.0,2.804
"5 feb 2025, 13:00:20",Carrera,"6,02",6028.8,2381.0,2683,2683.0,0.0,168.0,2.532
"4 feb 2025, 14:48:08",Bicicleta,"36,44",36439.3,6556.0,8683,8683.0,462.0,146.0,5.558
"3 feb 2025, 12:34:48",Carrera,"5,10",5102.3,1959.0,1974,1974.0,11.6,163.0,2.605
"2 feb 2025, 17:06:46",Bicicleta,"19,14",19139.3,2340.0,2992,2992.0,94.0,,8.179
"2 feb 2025, 13:33:27",Carrera,"9,80",9802.9,4046.0,4585,4585.0,258.0,173.0,2.423
"2 feb 2025, 11:49:14",Bicicleta,"22,74",22740.8,4274.0,4699,4699.0,318.0,138.0,5.321
"1 feb 2025, 13:02:15",Bicicleta,"58,65",58650.5,12531.0,17285,17285.0,702.0,,4.68
"31 ene 2025, 22:27:26",Bicicleta,"39,10",39107.8,6680.0,7541,7541.0,455.0,140.0,5.854
"30 ene 2025, 19:48:19",Bicicleta,"7,94",7939.3,1548.0,3778,3778.0,53.3,,5.129
"30 ene 2025, 15:22:22",Bicicleta,"7,39",7395.2,1017.0,1039,1039.0,62.4,,7.272
"30 ene 2025, 12:48:41",Carrera,"5,24",5241.8,1837.0,1840,1840.0,8.3,182.0,2.853
"29 ene 2025, 20:45:06",Bicicleta,"26,93",26935.5,4073.0,4660,4660.0,320.0,167.0,6.613
"27 ene 2025, 13:03:52",Caminata,"4,48",4484.0,3043.0,3127,3127.0,0.0,,1.474
"26 ene 2025, 11:03:52",Bicicleta,"80,75",80757.8,13784.0,22577,22577.0,1067.0,150.0,5.859
"24 ene 2025, 13:24:49",Caminata,"4,50",4503.5,3014.0,3075,3075.0,0.0,,1.494
"23 ene 2025, 22:00:13",Bicicleta,"5,44",5446.4,973.0,7996,7996.0,92.1,,5.598
"16 ene 2025, 21:56:14",Bicicleta,"2,70",2700.3,511.0,511,511.0,61.1,,5.284
"14 ene 2025, 21:54:23",Bicicleta,"5,47",5475.3,1128.0,7360,7360.0,91.2,,4.854
"13 ene 2025, 21:54:31",Bicicleta,"5,39",5396.2,927.0,6305,6305.0,88.0,,5.821
"11 ene 2025, 14:59:39",Bicicleta,"5,43",5432.5,961.0,7564,7564.0,89.3,,5.653
"2 ene 2025, 11:46:19",Caminata,"4,40",4407.0,3346.0,3976,3976.0,0.0,,1.317
"31 dic 2024, 9:59:25",Bicicleta,"104,88",104882.6,18702.0,21483,21483.0,1554.6,149.0,5.608
"29 dic 2024, 11:32:05",Bicicleta,"30,00",30000.7,4677.0,5012,5012.0,418.8,149.0,6.415
"26 dic 2024, 12:59:55",Bicicleta,"33,64",33640.4,6510.0,8019,8019.0,433.0,,5.167
"25 dic 2024, 22:52:56",Bicicleta,"28,17",28170.8,4290.0,4477,4477.0,223.0,,6.567
"21 dic 2024, 12:01:27",Bicicleta,"46,08",46079.9,7495.0,8406,8406.0,660.0,148.0,6.148
"20 dic 2024, 21:56:53",Bicicleta,"5,36",5364.0,971.0,5158,5158.0,89.3,,5.524
"20 dic 2024, 13:29:41",Caminata,"7,12",7128.2,5556.0,6334,6334.0,105.6,,1.283
"19 dic 2024, 12:25:55",Bicicleta,"41,56",41562.9,7285.0,7817,7817.0,683.0,153.0,5.705
"18 dic 2024, 21:55:02",Bicicleta,"5,37",5374.5,984.0,6211,6211.0,90.3,,5.462
"17 dic 2024, 12:48:35",Caminata,"4,03",4032.2,2943.0,3533,3533.0,2.1,,1.37
"16 dic 2024, 22:22:54",Bicicleta,"5,33",5337.8,1018.0,5101,5101.0,88.8,,5.243
"16 dic 2024, 12:54:38",Carrera,"5,00",5003.9,1558.0,1681,1681.0,6.1,173.0,3.212
"15 dic 2024, 21:37:21",Bicicleta,"35,44",35442.2,6047.0,6890,6890.0,457.0,143.0,5.861
"13 dic 2024, 21:00:15",Bicicleta,"5,33",5338.8,859.0,4581,4581.0,88.7,,6.215
"12 dic 2024, 13:21:10",Bicicleta,"39,99",39995.3,6318.0,7459,7459.0,507.0,146.0,6.33
"11 dic 2024, 20:54:11",Bicicleta,"5,40",5400.5,1008.0,5676,5676.0,90.5,,5.358
"11 dic 2024, 13:41:56",Carrera,"6,00",6005.7,2176.0,2361,2361.0,8.5,164.0,2.76
"10 dic 2024, 12:05:39",Caminata,"5,31",5317.7,3093.0,3183,3183.0,91.2,,1.719
"9 dic 2024, 21:55:38",Bicicleta,"6,36",6360.8,1174.0,5288,5288.0,92.9,,5.418
"9 dic 2024, 12:44:54",Bicicleta,"47,24",47240.0,7709.0,8250,8250.0,665.3,148.0,6.128
"6 dic 2024, 11:54:30",Bicicleta,"33,37",33374.6,6285.0,6936,6936.0,688.2,149.0,5.31
"5 dic 2024, 12:47:31",Carrera,"5,05",5058.6,1641.0,1702,1702.0,4.5,173.0,3.083
"4 dic 2024, 21:57:40",Bicicleta,"5,35",5351.3,905.0,4382,4382.0,88.6,,5.913
"4 dic 2024, 14:56:08",Bicicleta,"38,04",38040.6,6463.0,7673,7673.0,543.9,154.0,5.886
"2 dic 2024, 12:34:40",Bicicleta,"44,28",44279.9,7587.0,8348,8348.0,699.0,155.0,5.836
"29 nov 2024, 21:58:30",Bicicleta,"5,26",5261.3,980.0,4476,4476.0,87.8,,5.369
"28 nov 2024, 12:54:39",Bicicleta,"34,54",34542.6,6137.0,7087,7087.0,570.9,146.0,5.629
"27 nov 2024, 13:16:27",Carrera,"6,01",6017.7,2075.0,2156,2156.0,10.3,173.0,2.9
"26 nov 2024, 13:48:26",Bicicleta,"31,74",31745.0,5152.0,6221,6221.0,450.0,152.0,6.162
"24 nov 2024, 21:54:38",Bicicleta,"40,63",40633.2,8589.0,12486,12486.0,528.0,,4.731
"22 nov 2024, 13:58:08",Bicicleta,"41,29",41296.6,6575.0,8135,8135.0,428.0,154.0,6.281
"20 nov 2024, 23:53:17",Bicicleta,"4,11",4111.5,700.0,700,700.0,49.9,,5.874
"20 nov 2024, 13:00:17",Carrera,"3,28",3285.2,1166.0,1381,1381.0,5.0,164.0,2.817
"17 nov 2024, 14:44:43",Bicicleta,"35,46",35468.6,5660.0,7354,7354.0,410.0,,6.267
"14 nov 2024, 13:18:31",Carrera,"5,49",5496.8,1877.0,1880,1880.0,9.3,169.0,2.929
"13 nov 2024, 21:56:57",Bicicleta,"5,48",5485.3,1025.0,4858,4858.0,89.3,,5.352
"13 nov 2024, 15:52:09",Bicicleta,"9,74",9739.6,1775.0,2206,2206.0,49.9,,5.487
"13 nov 2024, 13:42:25",Caminata,"3,88",3879.9,2347.0,2376,2376.0,61.5,,1.653
"10 nov 2024, 13:33:53",Bicicleta,"45,92",45920.6,7976.0,8173,8173.0,807.0,173.0,5.757
"10 nov 2024, 12:48:16",Bicicleta,"5,34",5341.5,1261.0,1724,1724.0,59.0,133.0,4.236
"8 nov 2024, 13:39:36",Bicicleta,"37,05",37053.8,6720.0,7676,7676.0,475.8,125.0,5.514
"7 nov 2024, 12:54:02",Bicicleta,"32,01",32018.2,6550.0,14526,14526.0,327.0,,4.888
"6 nov 2024, 15:56:22",Bicicleta,"8,59",8590.6,1709.0,4381,4381.0,62.7,131.0,5.027
"6 nov 2024, 12:55:47",Bicicleta,"74,02",74020.3,9944.0,10813,10813.0,689.5,145.0,7.444
"5 nov 2024, 23:15:54",Bicicleta,"1,54",1544.8,334.0,359,359.0,49.3,,4.625
"5 nov 2024, 11:33:18",Bicicleta,"53,33",53331.4,7524.0,8985,8985.0,686.9,144.0,7.088
"5 nov 2024, 0:16:19",Carrera,"4,70",4704.7,1757.0,1888,1888.0,11.6,150.0,2.678
"3 nov 2024, 12:59:58",Bicicleta,"80,39",80396.4,12644.0,15429,15429.0,1227.3,145.0,6.358
"1 nov 2024, 15:06:46",Caminata,"8,76",8764.0,8483.0,17716,17716.0,410.0,,1.033
"31 oct 2024, 13:44:07",Carrera,"5,05",5054.8,1617.0,1617,1617.0,4.3,170.0,3.126
"30 oct 2024, 16:35:29",Bicicleta,"13,22",13226.0,2272.0,2669,2669.0,71.0,141.0,5.821
"30 oct 2024, 14:12:03",Bicicleta,"56,20",56200.2,7643.0,8584,8584.0,728.1,158.0,7.353
"29 oct 2024, 13:53:15",Bicicleta,"45,34",45342.8,6902.0,7624,7624.0,623.0,151.0,6.57
"27 oct 2024, 12:48:30",Caminata,"7,72",7727.2,9264.0,22726,22726.0,987.6,,0.834
"26 oct 2024, 11:57:53",Carrera,"6,46",6465.0,1990.0,2307,2307.0,94.4,175.0,3.249
"24 oct 2024, 12:05:51",Bicicleta,"73,08",73080.8,12300.0,13900,13900.0,1413.3,153.0,5.942
"22 oct 2024, 12:27:52",Carrera,"5,06",5065.4,1787.0,1790,1790.0,10.5,156.0,2.835
"20 oct 2024, 10:12:25",Bicicleta,"92,26",92264.3,16737.0,28148,28148.0,1594.5,154.0,5.513
"18 oct 2024, 13:32:30",Bicicleta,"52,13",52130.0,6607.0,7258,7258.0,453.6,154.0,7.89
"17 oct 2024, 12:45:43",Carrera,"5,46",5466.2,1895.0,1895,1895.0,0.0,169.0,2.885
"16 oct 2024, 22:57:54",Bicicleta,"6,09",6091.3,1629.0,5800,5800.0,59.4,,3.739
"16 oct 2024, 11:16:42",Bicicleta,"71,92",71921.7,9586.0,10356,10356.0,926.7,161.0,7.503
"13 oct 2024, 9:59:36",Bicicleta,"73,45",73455.6,13897.0,21416,21416.0,1476.3,151.0,5.286
"12 oct 2024, 13:20:21",Carrera,"2,76",2768.2,931.0,986,986.0,0.0,171.0,2.973
"11 oct 2024, 14:33:35",Bicicleta,"54,08",54085.1,8325.0,9216,9216.0,782.4,161.0,6.497
"10 oct 2024, 16:37:11",Bicicleta,"33,12",33122.1,5416.0,5512,5512.0,486.0,159.0,6.116
"8 oct 2024, 15:14:37",Entrenamiento con pesas,0,0.0,4927.0,4927,4927.0,0.0,127.0,0.0
"8 oct 2024, 12:55:52",Caminata,"5,22",5225.2,3151.0,3151,3151.0,86.2,,1.658
"7 oct 2024, 21:30:22",Bicicleta,"5,29",5291.2,805.0,5389,5389.0,87.7,,6.573
"5 oct 2024, 13:02:58",Bicicleta,"36,91",36913.9,7933.0,18051,18051.0,381.0,,4.653
"4 oct 2024, 14:47:05",Bicicleta,"33,23",33236.5,4540.0,4573,4573.0,419.0,168.0,7.321
"2 oct 2024, 13:24:42",Bicicleta,"35,72",35722.1,5615.0,6060,6060.0,500.2,162.0,6.362
"30 sept 2024, 11:59:59",Bicicleta,"38,45",38450.4,6936.0,8044,8044.0,738.8,160.0,5.544
"25 sept 2024, 20:52:23",Bicicleta,"5,43",5429.7,909.0,5246,5246.0,89.1,,5.973
"25 sept 2024, 12:53:03",Carrera,"5,10",5100.0,1650.0,1650,1650.0,0.0,,3.091
"24 sept 2024, 11:31:49",Bicicleta,"38,36",38360.9,6401.0,8031,8031.0,543.0,158.0,5.993
"20 sept 2024, 22:55:04",Bicicleta,"9,50",9508.4,1907.0,7756,7756.0,70.3,,4.986
"20 sept 2024, 13:19:04",Bicicleta,"42,94",42942.4,6504.0,7138,7138.0,634.0,160.0,6.602
"18 sept 2024, 20:55:30",Bicicleta,"5,34",5341.9,936.0,5300,5300.0,89.1,,5.707
"18 sept 2024, 12:39:10",Caminata,"4,06",4062.8,2408.0,2484,2484.0,68.4,,1.687
"18 sept 2024, 1:50:43",Caminata,"4,44",4444.9,2945.0,2967,2967.0,0.0,,1.509
"15 sept 2024, 18:55:04",Caminata,"1,35",1349.0,1590.0,3973,3973.0,183.0,,0.848
"13 sept 2024, 0:14:35",Caminata,"5,01",5015.4,3761.0,4064,4064.0,0.0,,1.334
"12 sept 2024, 13:01:42",Carrera,"10,08",10082.3,3766.0,3775,3775.0,16.5,171.0,2.677
"11 sept 2024, 22:56:13",Bicicleta,"35,28",35281.7,6418.0,8844,8844.0,663.0,153.0,5.497
"11 sept 2024, 0:17:19",Caminata,"4,39",4391.3,3337.0,3617,3617.0,0.0,,1.316
"10 sept 2024, 12:47:27",Carrera,"5,36",5360.5,1832.0,1832,1832.0,0.0,174.0,2.926
"8 sept 2024, 23:56:14",Caminata,"7,98",7981.9,5409.0,5960,5960.0,61.5,,1.476
"7 sept 2024, 22:37:20",Bicicleta,"31,24",31246.9,4873.0,5844,5844.0,375.0,148.0,6.412
"4 sept 2024, 1:08:48",Bicicleta,"3,30",3300.9,650.0,1953,1953.0,31.0,126.0,5.078
"3 sept 2024, 22:47:17",Bicicleta,"31,94",31941.9,5911.0,8343,8343.0,493.0,148.0,5.404
"1 sept 2024, 10:37:09",Bicicleta,"106,74",106748.0,14780.0,17710,17710.0,901.0,147.0,7.222
"30 ago 2024, 20:49:47",Bicicleta,"5,35",5358.4,1151.0,7194,7194.0,87.7,,4.655
"30 ago 2024, 15:21:27",Entrenamiento,0,0.0,1149.0,1149,1149.0,0.0,117.0,0.0
"30 ago 2024, 14:20:21",Carrera,"6,48",6480.3,2118.0,2458,2458.0,94.2,167.0,3.06
"29 ago 2024, 12:29:30",Bicicleta,"60,00",60003.4,9625.0,10484,10484.0,1036.0,157.0,6.234
"27 ago 2024, 22:13:42",Natación,350,350.0,331.0,331,331.0,,,1.057
"26 ago 2024, 15:21:41",Entrenamiento con pesas,0,0.0,5660.0,5660,5660.0,0.0,124.0,0.0
"26 ago 2024, 13:55:52",Caminata,"4,06",4066.9,2141.0,2219,2219.0,65.9,,1.9
"25 ago 2024, 16:26:24",Caminata,"7,95",7949.8,6561.0,14159,14159.0,157.6,,1.212
"24 ago 2024, 20:58:06",Bicicleta,"16,20",16204.9,2482.0,2744,2744.0,163.0,138.0,6.529
"24 ago 2024, 18:12:19",Bicicleta,"28,63",28629.5,4067.0,4657,4657.0,242.0,152.0,7.039
"23 ago 2024, 20:55:45",Bicicleta,"5,53",5530.8,948.0,4908,4908.0,94.0,,5.834
"23 ago 2024, 13:03:20",Carrera,"4,50",4500.0,1340.0,1340,1340.0,,,3.358
"22 ago 2024, 23:02:21",Bicicleta,"40,84",40845.6,6981.0,8422,8422.0,480.0,139.0,5.851
"22 ago 2024, 18:00:47",Entrenamiento con pesas,0,0.0,3600.0,3600,3600.0,0.0,,0.0
"22 ago 2024, 14:40:08",Caminata,"5,00",5000.0,3360.0,3360,3360.0,,,1.488
"21 ago 2024, 21:00:45",Bicicleta,"5,61",5610.7,1060.0,5347,5347.0,88.1,,5.293
"20 ago 2024, 22:59:59",Bicicleta,"39,80",39800.9,8846.0,12719,12719.0,494.0,,4.499
"18 ago 2024, 11:01:35",Bicicleta,"73,73",73731.9,14415.0,28761,28761.0,1288.0,147.0,5.115
"17 ago 2024, 16:06:04",Bicicleta,"7,42",7425.9,971.0,971,971.0,16.9,,7.648
"17 ago 2024, 13:07:51",Carrera,"7,68",7686.7,5761.0,8092,8092.0,395.4,,1.334
"17 ago 2024, 12:37:14",Bicicleta,"9,93",9930.3,1304.0,1304,1304.0,111.8,,7.615
"16 ago 2024, 13:10:27",Carrera,"5,50",5500.0,1920.0,1920,1920.0,0.0,,2.865
"14 ago 2024, 22:55:31",Bicicleta,"43,41",43418.1,6988.0,9965,9965.0,484.0,147.0,6.213
"13 ago 2024, 13:45:45",Carrera,"5,00",5000.0,1860.0,1860,1860.0,,,2.688
"12 ago 2024, 20:55:49",Bicicleta,"6,08",6081.6,1310.0,5136,5136.0,102.2,,4.642
"10 ago 2024, 21:40:13",Bicicleta,"33,64",33646.9,5540.0,6432,6432.0,396.0,145.0,6.073
"9 ago 2024, 12:45:31",Caminata,"5,40",5400.0,3600.0,3600,3600.0,,,1.5
"8 ago 2024, 12:54:39",Bicicleta,"40,55",40551.7,7927.0,18479,18479.0,519.0,138.0,5.116
"6 ago 2024, 23:13:07",Bicicleta,"44,48",44479.7,8555.0,11943,11943.0,431.0,,5.199
"4 ago 2024, 13:53:04",Carrera,"10,20",10200.0,3360.0,3360,3360.0,,,3.036
"3 ago 2024, 11:44:52",Carrera,"5,60",5600.0,2240.0,2240,2240.0,,,2.5
"2 ago 2024, 21:41:40",Natación,725,725.0,3479.0,3479,3479.0,0.0,,0.208
"2 ago 2024, 13:17:05",Carrera,"6,60",6600.0,2490.0,2490,2490.0,,,2.651
"1 ago 2024, 12:46:54",Bicicleta,"40,66",40667.4,8126.0,9288,9288.0,730.0,149.0,5.005
"31 jul 2024, 16:55:45",Caminata,"0,84",844.0,745.0,1536,1536.0,29.4,,1.133
"30 jul 2024, 0:17:24",Caminata,"3,46",3463.8,2898.0,3098,3098.0,0.0,,1.195
"28 jul 2024, 14:36:31",Caminata,"6,88",6885.2,7899.0,13181,13181.0,712.6,,0.872
"27 jul 2024, 13:57:56",Caminata,"8,35",8349.8,8617.0,9887,9887.0,225.0,,0.969
"21 jul 2024, 13:44:21",Bicicleta,"57,07",57074.8,9048.0,9235,9235.0,821.0,162.0,6.308
"21 jul 2024, 13:12:12",Bicicleta,"5,78",5783.6,1085.0,1133,1133.0,37.0,138.0,5.33
"20 jul 2024, 14:15:51",Bicicleta,"19,58",19581.4,7719.0,33625,33625.0,120.6,,2.537
"19 jul 2024, 14:14:48",Bicicleta,"60,47",60478.7,10277.0,12285,12285.0,1103.2,157.0,5.885
"18 jul 2024, 13:14:34",Carrera,"4,10",4100.0,1560.0,1560,1560.0,,,2.628
"15 jul 2024, 1:00:58",Carrera,"4,60",4600.0,2100.0,2100,2100.0,0.0,,2.19
"12 jul 2024, 13:22:56",Carrera,"7,33",7338.9,2617.0,2668,2668.0,4.4,163.0,2.804
"11 jul 2024, 22:28:56",Bicicleta,"40,57",40570.4,7380.0,11666,11666.0,615.0,141.0,5.497
"10 jul 2024, 23:31:59",Bicicleta,"39,55",39558.0,6592.0,8006,8006.0,412.0,140.0,6.001
"9 jul 2024, 12:59:00",Bicicleta,"34,00",34001.6,6502.0,9444,9444.0,643.0,146.0,5.229
"9 jul 2024, 0:50:02",Carrera,"2,40",2400.0,720.0,720,720.0,,,3.333
"7 jul 2024, 12:54:42",Bicicleta,"56,73",56732.7,10660.0,15421,15421.0,886.4,150.0,5.322
"6 jul 2024, 16:24:10",Bicicleta,"42,98",42984.9,7271.0,8913,8913.0,744.3,156.0,5.912
"3 jul 2024, 12:59:06",Bicicleta,"10,49",10498.0,2062.0,10497,10497.0,86.5,,5.091
"2 jul 2024, 12:56:07",Bicicleta,"6,87",6871.2,2375.0,7938,7938.0,62.2,,2.893
"1 jul 2024, 12:55:11",Bicicleta,"11,93",11933.6,2894.0,12622,12622.0,110.6,,4.124
"29 jun 2024, 16:16:37",Bicicleta,"34,26",34261.6,5623.0,6316,6316.0,440.3,143.0,6.093
"27 jun 2024, 23:52:41",Bicicleta,"15,58",15581.2,4194.0,7565,7565.0,213.0,,3.715
"27 jun 2024, 0:10:45",Carrera,"0,50",500.0,56.0,56,56.0,,,8.929
"26 jun 2024, 1:01:49",Carrera,"2,10",2100.0,600.0,600,600.0,0.0,,3.5
"24 jun 2024, 13:09:39",Carrera,"6,24",6241.0,2072.0,2072,2072.0,,,3.012
"24 jun 2024, 0:00:05",Bicicleta,"25,40",25404.1,4119.0,8949,8949.0,96.0,,6.168
"23 jun 2024, 13:12:30",Carrera,"3,60",3600.0,1160.0,1160,1160.0,,,3.103
"20 jun 2024, 0:13:15",Carrera,"5,10",5100.0,1704.0,1704,1704.0,,,2.993
"18 jun 2024, 22:33:19",Bicicleta,"12,34",12343.4,2696.0,3240,3240.0,139.0,,4.578
"18 jun 2024, 0:00:33",Carrera,"2,40",2400.0,720.0,720,720.0,,,3.333
"16 jun 2024, 17:09:54",Bicicleta,"9,10",9102.9,1669.0,1706,1706.0,70.2,147.0,5.454
"16 jun 2024, 15:14:27",Bicicleta,"46,85",46852.5,6882.0,6927,6927.0,424.0,163.0,6.808
"16 jun 2024, 14:52:27",Bicicleta,"2,45",2450.5,528.0,819,819.0,29.0,130.0,4.641
"14 jun 2024, 15:20:49",Bicicleta,"51,96",51968.0,8249.0,9749,9749.0,652.0,160.0,6.3
"13 jun 2024, 13:40:00",Carrera,"5,20",5200.0,1800.0,1800,1800.0,2.0,,2.889
"12 jun 2024, 22:10:34",Bicicleta,"29,25",29251.8,5300.0,7661,7661.0,351.0,138.0,5.519
"11 jun 2024, 19:32:09",Bicicleta,"29,12",29122.9,3876.0,4159,4159.0,282.0,156.0,7.514
"10 jun 2024, 22:23:48",Bicicleta,"74,32",74327.0,10696.0,13738,13738.0,644.0,153.0,6.949
"7 jun 2024, 20:53:16",Bicicleta,"36,33",36329.5,6574.0,9758,9758.0,443.0,140.0,5.526
"3 jun 2024, 10:07:17",Entrenamiento,0,0.0,2348.0,2348,2348.0,0.0,159.0,0.0
"2 jun 2024, 14:35:48",Bicicleta,"58,18",58181.5,9786.0,11619,11619.0,1001.0,159.0,5.945
"31 may 2024, 22:58:29",Bicicleta,"18,98",18979.6,3398.0,4791,4791.0,83.0,,5.586
"30 may 2024, 22:42:12",Bicicleta,"42,04",42048.3,7591.0,12371,12371.0,604.0,143.0,5.539
"30 may 2024, 13:47:28",Caminata,"1,70",1702.9,1040.0,1058,1058.0,0.0,125.0,1.637
"30 may 2024, 13:25:54",Carrera,"3,35",3353.7,1270.0,1284,1284.0,0.0,171.0,2.641
"26 may 2024, 15:45:21",Bicicleta,"55,42",55421.7,9933.0,11597,11597.0,1023.0,156.0,5.58
"23 may 2024, 22:40:27",Bicicleta,"70,17",70171.8,11472.0,14785,14785.0,885.0,148.0,6.117
"23 may 2024, 13:09:37",Carrera,"6,12",6128.5,3606.0,3629,3629.0,0.0,112.0,1.7
"21 may 2024, 13:28:04",Caminata,"14,56",14565.6,8849.0,11886,11886.0,162.5,,1.646
"19 may 2024, 15:30:57",Caminata,"8,92",8923.2,4760.0,7666,7666.0,431.0,147.0,1.875
"19 may 2024, 14:46:52",Bicicleta,"9,18",9182.4,2157.0,2157,2157.0,249.0,176.0,4.257
"17 may 2024, 21:56:39",Bicicleta,"20,26",20266.1,3967.0,8327,8327.0,84.0,,5.109
"17 may 2024, 13:36:02",Bicicleta,"60,43",60437.4,9909.0,12845,12845.0,693.0,157.0,6.099
"15 may 2024, 0:17:38",Entrenamiento,0,0.0,1487.0,1487,1487.0,0.0,170.0,0.0
"14 may 2024, 13:17:02",Caminata,"2,36",2366.3,1541.0,1581,1581.0,0.0,117.0,1.536
"14 may 2024, 12:37:19",Carrera,"5,04",5040.6,2217.0,2310,2310.0,0.0,151.0,2.274
"11 may 2024, 12:15:58",Bicicleta,"46,08",46088.3,9594.0,18597,18597.0,571.0,142.0,4.804
"10 may 2024, 14:29:43",Bicicleta,"54,37",54369.9,8957.0,10119,10119.0,933.0,163.0,6.07
"9 may 2024, 0:08:52",Bicicleta,"35,43",35436.4,5080.0,5233,5233.0,197.0,,6.976
"1 may 2024, 0:19:50",Bicicleta,"6,75",6752.1,1314.0,1390,1390.0,48.0,130.0,5.139
"30 abr 2024, 23:11:42",Bicicleta,"30,17",30174.4,4049.0,4064,4064.0,185.0,151.0,7.452
"27 abr 2024, 21:46:13",Bicicleta,"46,98",46986.7,7321.0,10136,10136.0,491.0,149.0,6.418
"18 abr 2024, 17:16:23",Bicicleta,"7,72",7723.5,1424.0,1424,1424.0,60.0,140.0,5.424
"18 abr 2024, 15:24:15",Bicicleta,"40,96",40966.1,6218.0,6674,6674.0,595.0,153.0,6.588
"14 abr 2024, 12:01:39",Bicicleta,"53,34",53347.6,10652.0,15276,15276.0,1082.0,152.0,5.008
"12 abr 2024, 23:13:13",Bicicleta,"6,01",6011.8,1548.0,3071,3071.0,36.0,124.0,3.884
"12 abr 2024, 21:08:48",Bicicleta,"43,21",43216.6,6578.0,7440,7440.0,657.0,155.0,6.57
"11 abr 2024, 22:39:28",Bicicleta,"40,12",40119.3,7747.0,10388,10388.0,671.0,144.0,5.179
"6 abr 2024, 14:03:09",Bicicleta,"40,24",40246.9,8173.0,27048,27048.0,418.0,,4.924
"30 mar 2024, 12:03:05",Bicicleta,"66,96",66967.5,10753.0,14276,14276.0,827.0,143.0,6.228
"29 mar 2024, 21:04:40",Bicicleta,"44,21",44218.4,7744.0,10603,10603.0,435.0,137.0,5.71
"27 mar 2024, 13:29:21",Bicicleta,"66,39",66393.2,10999.0,32002,32002.0,1154.0,161.0,6.036
"24 mar 2024, 12:17:12",Bicicleta,"64,53",64534.2,10779.0,16688,16688.0,736.0,143.0,5.987
"22 mar 2024, 23:01:03",Bicicleta,"28,25",28258.4,5000.0,6049,6049.0,375.0,,5.652
"17 mar 2024, 23:02:38",Bicicleta,"12,08",12081.3,2643.0,3094,3094.0,80.2,,4.571
"17 mar 2024, 14:00:32",Bicicleta,"55,15",55151.9,9501.0,13031,13031.0,931.0,163.0,5.805
"16 mar 2024, 13:18:27",Bicicleta,"46,36",46362.4,9721.0,13509,13509.0,703.0,131.0,4.769
"16 mar 2024, 0:16:54",Bicicleta,"22,16",22161.0,3668.0,4228,4228.0,103.0,130.0,6.042
"10 mar 2024, 15:14:54",Bicicleta,"59,89",59891.0,11343.0,17377,17377.0,891.0,,5.28
"9 mar 2024, 0:27:24",Bicicleta,"26,00",26003.7,4113.0,4226,4226.0,107.0,,6.322
"3 mar 2024, 12:27:22",Bicicleta,"73,18",73184.9,14677.0,24238,24238.0,1273.0,149.0,4.986
"28 feb 2024, 22:34:21",Bicicleta,"34,33",34329.1,5649.0,7681,7681.0,377.0,,6.077
"25 feb 2024, 12:01:05",Bicicleta,"71,02",71025.9,12120.0,20197,20197.0,797.0,,5.86
"23 feb 2024, 22:58:31",Bicicleta,"58,82",58821.4,9450.0,11194,11194.0,684.0,144.0,6.224
"18 feb 2024, 14:50:27",Caminata,"3,68",3687.8,5348.0,11607,11607.0,386.6,,0.69
"16 feb 2024, 1:29:26",Bicicleta,"6,79",6794.7,1309.0,2151,2151.0,40.9,,5.191
"11 feb 2024, 15:37:11",Bicicleta,"43,02",43022.3,9595.0,16489,16489.0,949.0,,4.484
"10 feb 2024, 22:35:53",Bicicleta,"2,59",2598.9,869.0,1317,1317.0,43.2,,2.991
"9 feb 2024, 20:46:48",Bicicleta,"48,62",48619.0,8022.0,9489,9489.0,669.0,148.0,6.061
"7 feb 2024, 22:47:29",Bicicleta,"58,09",58094.6,9486.0,11218,11218.0,681.0,138.0,6.124
"4 feb 2024, 21:41:03",Bicicleta,"39,59",39595.8,6744.0,6982,6982.0,622.0,159.0,5.871
"2 feb 2024, 21:41:22",Bicicleta,"9,51",9509.3,2888.0,10404,10404.0,69.9,,3.293
"31 ene 2024, 21:00:36",Bicicleta,"7,48",7480.3,1795.0,14338,14338.0,67.7,,4.167
"30 ene 2024, 21:14:47",Bicicleta,"8,03",8034.3,3088.0,11993,11993.0,92.5,,2.602
"28 ene 2024, 12:54:15",Bicicleta,"23,79",23794.3,6132.0,11444,11444.0,399.0,128.0,3.88
"28 ene 2024, 11:59:11",Bicicleta,"12,01",12013.5,1994.0,3065,3065.0,112.0,136.0,6.025
"27 ene 2024, 12:27:41",Bicicleta,"52,38",52388.3,11354.0,25122,25122.0,689.0,,4.614
"26 ene 2024, 22:54:50",Bicicleta,"6,96",6960.4,1734.0,8372,8372.0,33.0,125.0,4.014
"26 ene 2024, 20:57:48",Bicicleta,"42,22",42220.9,6414.0,6995,6995.0,595.0,163.0,6.583
"21 ene 2024, 13:29:40",Bicicleta,"44,15",44157.2,9738.0,19958,19958.0,608.0,,4.535
"20 ene 2024, 12:58:03",Bicicleta,"35,57",35569.9,7044.0,12112,12112.0,251.0,127.0,5.05
"19 ene 2024, 23:04:27",Bicicleta,"36,82",36823.3,6408.0,8700,8700.0,524.0,152.0,5.746
"15 ene 2024, 1:04:31",Bicicleta,"15,56",15559.4,3586.0,4401,4401.0,85.0,,4.339
"13 ene 2024, 18:20:11",Caminata,"2,66",2663.2,3516.0,5339,5339.0,225.8,,0.757
"12 ene 2024, 22:57:59",Bicicleta,"39,33",39330.4,5351.0,5704,5704.0,357.0,,7.35
"7 ene 2024, 21:00:14",Bicicleta,"65,24",65243.0,12208.0,17870,17870.0,1108.0,156.0,5.344
"6 ene 2024, 16:08:21",Bicicleta,"30,27",30269.9,6129.0,7433,7433.0,392.0,,4.939
"4 ene 2024, 21:33:48",Bicicleta,"34,10",34104.0,6715.0,9345,9345.0,628.0,,5.079
"1 ene 2024, 18:55:40",Caminata,"2,39",2393.1,2486.0,7709,7709.0,75.8,,0.963
"30 dic 2023, 14:26:34",Bicicleta,"24,58",24581.2,4574.0,9463,9463.0,298.0,,5.374
"29 dic 2023, 14:52:19",Bicicleta,"28,40",28407.7,6365.0,10546,10546.0,245.0,,4.463
"28 dic 2023, 13:57:00",Bicicleta,"63,27",63270.7,11021.0,13549,13549.0,866.0,140.0,5.741
"27 dic 2023, 15:30:38",Bicicleta,"41,18",41186.6,7307.0,8069,8069.0,737.0,166.0,5.637
"26 dic 2023, 13:36:03",Bicicleta,"34,36",34364.1,8173.0,11854,11854.0,497.0,,4.205
"23 dic 2023, 21:43:45",Bicicleta,"30,89",30898.3,5074.0,5875,5875.0,353.0,158.0,6.09
"16 dic 2023, 22:03:14",Bicicleta,"29,14",29147.8,4570.0,4879,4879.0,119.0,,6.378
"15 dic 2023, 20:41:24",Bicicleta,"29,33",29329.5,5718.0,6110,6110.0,397.0,,5.129
"11 dic 2023, 22:54:46",Bicicleta,"40,13",40137.9,7331.0,11144,11144.0,545.0,149.0,5.475
"3 dic 2023, 13:46:34",Bicicleta,"40,64",40646.4,7657.0,9444,9444.0,587.0,150.0,5.308
"26 nov 2023, 12:30:44",Bicicleta,"58,21",58212.9,8110.0,8110,8110.0,667.0,169.0,7.178
"24 nov 2023, 22:30:26",Bicicleta,"18,91",18913.3,3474.0,7366,7366.0,78.0,,5.444
"23 nov 2023, 14:18:51",Bicicleta,"47,80",47801.6,8186.0,8859,8859.0,801.0,154.0,5.839
"20 nov 2023, 21:56:59",Bicicleta,"25,78",25779.7,4722.0,4845,4845.0,462.0,156.0,5.459
"19 nov 2023, 16:07:26",Bicicleta,"31,40",31401.4,5679.0,13615,13615.0,388.0,141.0,5.529
"18 nov 2023, 22:01:08",Bicicleta,"28,65",28655.0,5326.0,6496,6496.0,371.0,134.0,5.38
"12 nov 2023, 13:20:17",Bicicleta,"45,51",45510.1,9185.0,9790,9790.0,773.0,161.0,4.955
"12 nov 2023, 12:41:32",Bicicleta,"8,86",8862.7,1655.0,1655,1655.0,100.0,127.0,5.355
"11 nov 2023, 22:30:04",Bicicleta,"18,42",18424.8,3687.0,8975,8975.0,97.0,91.0,4.997
"10 nov 2023, 22:24:56",Bicicleta,"28,14",28148.4,4348.0,4526,4526.0,353.0,,6.474
"5 nov 2023, 17:52:51",Bicicleta,"31,96",31963.8,5827.0,17043,17043.0,313.0,,5.485
"2 nov 2023, 21:55:05",Bicicleta,"46,19",46195.9,7864.0,8864,8864.0,646.0,,5.874
"27 oct 2023, 22:05:39",Bicicleta,"26,61",26615.7,4888.0,6161,6161.0,111.0,,5.445
"27 oct 2023, 16:00:33",Carrera,"0,10",100.0,14.0,14,14.0,,,7.143
"26 oct 2023, 20:00:00",Carrera,"0,10",100.0,13.0,13,13.0,0.0,,7.692
"26 oct 2023, 19:00:00",Carrera,"0,10",100.0,12.0,12,12.0,0.0,,8.333
"26 oct 2023, 16:00:00",Carrera,"0,10",100.0,12.0,12,12.0,0.0,,8.333
"25 oct 2023, 22:00:49",Entrenamiento,"1,60",1600.0,1080.0,1080,1080.0,,,1.481
"25 oct 2023, 20:44:02",Carrera,"2,45",2455.9,1145.0,2671,2671.0,0.0,,2.145
"24 oct 2023, 13:45:01",Carrera,"1,70",1700.0,1425.0,1425,1425.0,,,1.193
"23 oct 2023, 2:04:00",Entrenamiento,0,0.0,1898.0,1898,1898.0,0.0,,0.0
"20 oct 2023, 18:30:28",Carrera,"0,20",200.0,26.0,26,26.0,0.0,,7.692
"20 oct 2023, 17:30:51",Carrera,"2,00",2000.0,900.0,900,900.0,0.0,,2.222
"19 oct 2023, 21:30:07",Entrenamiento,"2,40",2400.0,3600.0,3600,3600.0,0.0,,0.667
"18 oct 2023, 0:27:43",Entrenamiento,0,0.0,1748.0,1748,1748.0,0.0,,0.0
"14 oct 2023, 13:37:39",Bicicleta,"44,29",44298.2,9472.0,16767,16767.0,742.0,149.0,4.677
"13 oct 2023, 23:20:50",Entrenamiento,"3,40",3400.0,4500.0,4500,4500.0,0.0,,0.756
"7 oct 2023, 16:05:09",Bicicleta,"18,20",18204.0,4402.0,6885,6885.0,329.0,138.0,4.135
"7 oct 2023, 15:04:09",Bicicleta,"21,59",21596.2,3112.0,3637,3637.0,182.0,144.0,6.94
"5 oct 2023, 21:46:40",Bicicleta,"44,60",44603.1,7823.0,8414,8414.0,675.0,154.0,5.702
"3 oct 2023, 22:53:48",Bicicleta,"32,62",32624.8,5541.0,6766,6766.0,407.0,148.0,5.888
"2 oct 2023, 0:31:11",Bicicleta,"18,20",18202.0,2780.0,2816,2816.0,68.0,13.0,6.547
"1 oct 2023, 20:12:01",Bicicleta,"7,53",7533.4,2647.0,7111,7111.0,68.0,0.0,2.846
"1 oct 2023, 17:30:57",Bicicleta,"12,00",12000.0,2400.0,2400,2400.0,,,5.0
"29 sept 2023, 22:29:45",Bicicleta,"51,71",51715.3,8200.0,10489,10489.0,603.0,147.0,6.307
"27 sept 2023, 17:15:23",Carrera,"1,50",1500.0,600.0,600,600.0,,,2.5
"23 sept 2023, 21:58:43",Bicicleta,"31,81",31816.2,6126.0,8188,8188.0,376.0,111.0,5.194
"19 sept 2023, 0:39:46",Bicicleta,"32,65",32658.9,5064.0,6629,6629.0,121.0,147.0,6.449
"17 sept 2023, 14:36:32",Caminata,"5,00",5006.6,5384.0,19328,19328.0,180.7,,0.93
"13 sept 2023, 18:53:38",Bicicleta,"37,24",37243.1,5751.0,5817,5817.0,452.0,153.0,6.476
"11 sept 2023, 22:48:51",Bicicleta,"28,45",28451.4,5638.0,10121,10121.0,498.0,142.0,5.046
"10 sept 2023, 1:29:00",Entrenamiento,0,0.0,2115.0,2115,2115.0,0.0,153.0,0.0
"8 sept 2023, 21:02:51",Bicicleta,"28,11",28116.2,4491.0,4690,4690.0,348.0,153.0,6.261
"5 sept 2023, 0:33:20",Bicicleta,"28,08",28082.3,4666.0,7212,7212.0,108.0,,6.019
"3 sept 2023, 16:58:57",Bicicleta,"20,05",20050.1,4907.0,11931,11931.0,215.0,,4.086
"2 sept 2023, 12:28:07",Bicicleta,"46,63",46633.9,7354.0,10747,10747.0,402.0,147.0,6.341
"26 ago 2023, 17:31:22",Caminata,"2,00",2003.3,1937.0,6773,6773.0,25.1,,1.034
"19 ago 2023, 12:23:00",Bicicleta,"74,49",74490.0,11642.0,17428,17428.0,878.0,151.0,6.398
"16 ago 2023, 22:53:09",Bicicleta,"15,06",15063.1,4920.0,10945,10945.0,145.6,,3.062
"16 ago 2023, 14:05:22",Bicicleta,"56,27",56277.7,9990.0,10545,10545.0,885.0,159.0,5.633
"11 ago 2023, 20:20:44",Bicicleta,"61,45",61455.0,10066.0,13764,13764.0,761.0,143.0,6.105
"9 ago 2023, 22:33:16",Bicicleta,"20,60",20607.8,3535.0,3771,3771.0,75.6,,5.83
"7 ago 2023, 20:47:35",Bicicleta,"66,08",66085.4,11373.0,12512,12512.0,1194.0,157.0,5.811
"3 ago 2023, 23:23:44",Bicicleta,"26,90",26899.3,6404.0,9445,9445.0,131.7,,4.2
"3 ago 2023, 14:45:41",Bicicleta,"36,76",36765.1,8024.0,10847,10847.0,536.0,127.0,4.582
"2 ago 2023, 22:46:32",Bicicleta,"35,54",35543.4,6780.0,8928,8928.0,415.0,128.0,5.242
"1 ago 2023, 14:39:21",Bicicleta,"36,62",36622.4,8573.0,11011,11011.0,543.0,,4.272
"31 jul 2023, 21:28:41",Bicicleta,"41,29",41290.9,8480.0,9657,9657.0,899.0,143.0,4.869
"30 jul 2023, 21:54:42",Bicicleta,"68,65",68658.5,10683.0,12127,12127.0,720.0,146.0,6.427
"28 jul 2023, 20:22:22",Bicicleta,"33,44",33441.9,4743.0,5211,5211.0,182.0,,7.051
"27 jul 2023, 14:19:31",Bicicleta,"32,32",32323.5,7383.0,10590,10590.0,466.0,,4.378
"27 jul 2023, 0:18:14",Bicicleta,"23,47",23474.2,4404.0,6095,6095.0,281.0,,5.33
"26 jul 2023, 14:19:20",Bicicleta,"6,65",6656.7,1825.0,15760,15760.0,75.1,,3.647
"25 jul 2023, 13:49:59",Carrera,"10,09",10091.7,3850.0,3855,3855.0,0.0,167.0,2.621
"24 jul 2023, 13:41:36",Bicicleta,"41,92",41926.4,12454.0,16877,16877.0,732.0,,3.366
"22 jul 2023, 12:58:10",Bicicleta,"63,11",63113.0,14110.0,21368,21368.0,637.0,,4.473
"21 jul 2023, 20:45:29",Bicicleta,"58,59",58592.2,10773.0,11879,11879.0,1072.0,153.0,5.439
"20 jul 2023, 13:12:34",Carrera,"6,10",6100.0,2400.0,2400,2400.0,,,2.542
"19 jul 2023, 13:15:32",Carrera,"6,09",6095.4,2487.0,2577,2577.0,0.0,155.0,2.451
"17 jul 2023, 15:04:05",Bicicleta,"38,76",38768.0,6221.0,6584,6584.0,473.0,152.0,6.232
"13 jul 2023, 21:28:32",Bicicleta,"26,88",26887.8,4392.0,6279,6279.0,309.0,148.0,6.122
"11 jul 2023, 22:52:55",Bicicleta,"33,95",33949.6,6251.0,7383,7383.0,393.0,135.0,5.431
"10 jul 2023, 15:21:25",Bicicleta,"33,57",33578.0,7919.0,9257,9257.0,483.0,,4.24
"9 jul 2023, 13:20:04",Bicicleta,"10,50",10500.3,1823.0,1823,1823.0,159.0,178.0,5.76
"7 jul 2023, 15:24:37",Bicicleta,"6,95",6953.8,1530.0,1551,1551.0,54.0,119.0,4.545
"7 jul 2023, 14:03:26",Bicicleta,"25,91",25915.9,4588.0,4588,4588.0,406.0,163.0,5.649
"5 jul 2023, 14:30:57",Bicicleta,"18,57",18572.1,5154.0,11495,11495.0,214.0,,3.603
"4 jul 2023, 21:48:53",Bicicleta,"42,26",42262.3,8505.0,9731,9731.0,567.0,,4.969
"3 jul 2023, 13:40:14",Bicicleta,"70,34",70346.8,12560.0,14302,14302.0,1328.0,157.0,5.601
"2 jul 2023, 14:03:08",Bicicleta,"21,17",21172.5,4521.0,12645,12645.0,290.0,147.0,4.683
"1 jul 2023, 12:58:20",Bicicleta,"36,06",36067.4,6918.0,11353,11353.0,387.0,,5.214
"28 jun 2023, 12:50:01",Bicicleta,"30,91",30918.0,7211.0,11118,11118.0,414.0,,4.288
"27 jun 2023, 22:57:11",Bicicleta,"33,69",33689.6,5939.0,8953,8953.0,452.0,140.0,5.673
"27 jun 2023, 13:53:53",Bicicleta,"28,68",28679.5,7608.0,13327,13327.0,321.0,,3.77
"26 jun 2023, 22:48:57",Bicicleta,"46,06",46064.9,6892.0,9631,9631.0,551.0,147.0,6.684
"24 jun 2023, 17:22:04",Bicicleta,"4,19",4194.7,1944.0,2826,2826.0,61.7,,2.158
"24 jun 2023, 12:21:29",Bicicleta,"49,13",49138.4,9848.0,24071,24071.0,513.0,143.0,4.99
"24 jun 2023, 11:23:47",Bicicleta,"16,20",16206.1,2652.0,3430,3430.0,166.0,130.0,6.111
"22 jun 2023, 23:50:49",Bicicleta,"11,58",11586.3,2009.0,7916,7916.0,86.9,,5.767
"22 jun 2023, 12:41:42",Carrera,"7,31",7314.2,3452.0,3768,3768.0,118.4,,2.119
"21 jun 2023, 20:31:16",Bicicleta,"38,37",38370.5,6990.0,7408,7408.0,578.0,162.0,5.489
"21 jun 2023, 13:02:31",Carrera,"6,21",6209.0,2575.0,2575,2575.0,0.0,171.0,2.411
"20 jun 2023, 12:53:14",Caminata,"6,20",6202.1,3662.0,3684,3684.0,0.0,,1.694
"19 jun 2023, 22:55:45",Bicicleta,"51,61",51617.6,9209.0,12181,12181.0,691.0,147.0,5.605
"18 jun 2023, 15:24:13",Bicicleta,"17,04",17048.3,4234.0,4873,4873.0,257.0,133.0,4.027
"17 jun 2023, 22:48:10",Bicicleta,"28,78",28786.4,5691.0,8479,8479.0,371.0,137.0,5.058
"15 jun 2023, 1:32:54",Bicicleta,"10,09",10093.4,1832.0,4058,4058.0,41.9,,5.51
"13 jun 2023, 19:49:12",Bicicleta,"15,50",15502.5,4216.0,6177,6177.0,211.0,,3.677
"11 jun 2023, 15:10:05",Bicicleta,"20,28",20280.0,3992.0,4557,4557.0,196.0,136.0,5.08
"9 jun 2023, 19:52:31",Bicicleta,"6,66",6660.4,1476.0,7232,7232.0,74.3,,4.512
"9 jun 2023, 16:58:59",Bicicleta,"32,89",32889.6,4817.0,4863,4863.0,308.0,151.0,6.828
"2 jun 2023, 20:00:45",Bicicleta,"14,66",14661.7,2535.0,6491,6491.0,65.0,,5.784
"1 jun 2023, 20:01:50",Bicicleta,"41,67",41672.3,6953.0,7327,7327.0,742.0,160.0,5.993
"31 may 2023, 23:40:58",Bicicleta,"31,21",31216.2,4182.0,4463,4463.0,308.0,152.0,7.464
"30 may 2023, 23:45:54",Bicicleta,"7,49",7498.2,1962.0,8776,8776.0,83.4,,3.822
"27 may 2023, 15:51:17",Bicicleta,"31,25",31251.4,5266.0,6022,6022.0,453.0,143.0,5.935
"26 may 2023, 13:46:48",Bicicleta,"89,07",89073.7,12517.0,19146,19146.0,937.0,139.0,7.116
"25 may 2023, 20:32:26",Bicicleta,"33,53",33535.9,6047.0,6339,6339.0,719.0,160.0,5.546
"23 may 2023, 23:43:45",Bicicleta,"6,50",6508.6,1282.0,10599,10599.0,78.9,,5.077
"23 may 2023, 20:43:22",Bicicleta,"34,88",34886.5,5632.0,6294,6294.0,463.0,156.0,6.194
"22 may 2023, 22:55:28",Bicicleta,"34,47",34474.9,5316.0,5474,5474.0,363.0,152.0,6.485
"21 may 2023, 12:27:34",Bicicleta,"86,03",86036.3,11696.0,16760,16760.0,685.0,162.0,7.356
"21 may 2023, 0:03:48",Bicicleta,"12,91",12918.5,2062.0,2350,2350.0,83.0,,6.265
"15 may 2023, 22:58:07",Bicicleta,"41,65",41657.4,6295.0,8402,8402.0,395.0,153.0,6.618
"12 may 2023, 23:08:55",Bicicleta,"5,32",5328.1,1083.0,1148,1148.0,40.0,143.0,4.92
"12 may 2023, 20:11:49",Bicicleta,"15,91",15913.3,2212.0,10602,10602.0,59.0,122.0,7.194
"11 may 2023, 21:54:07",Bicicleta,"6,01",6016.6,1414.0,19625,19625.0,77.2,,4.255
"6 may 2023, 13:48:10",Bicicleta,"55,18",55180.1,9442.0,19012,19012.0,769.0,151.0,5.844
"5 may 2023, 20:11:14",Bicicleta,"24,89",24890.3,3702.0,6463,6463.0,87.0,141.0,6.723
"1 may 2023, 17:01:48",Bicicleta,"17,23",17238.3,4580.0,10271,10271.0,366.0,134.0,3.764
"30 abr 2023, 13:06:46",Bicicleta,"22,93",22933.5,5205.0,32784,32784.0,180.0,112.0,4.406
"27 abr 2023, 23:50:10",Bicicleta,"6,70",6703.3,1921.0,8769,8769.0,78.3,,3.489
"27 abr 2023, 19:52:47",Bicicleta,"36,63",36638.2,5646.0,6005,6005.0,535.0,148.0,6.489
"25 abr 2023, 19:39:55",Bicicleta,"10,06",10060.7,2581.0,3694,3694.0,212.0,122.0,3.898
"23 abr 2023, 13:24:12",Bicicleta,"58,78",58782.3,9360.0,9360,9360.0,918.0,165.0,6.28
"20 abr 2023, 23:45:50",Bicicleta,"5,93",5929.4,1814.0,8202,8202.0,72.9,,3.269
"19 abr 2023, 23:01:26",Bicicleta,"31,58",31586.7,4979.0,6424,6424.0,415.0,143.0,6.344
"18 abr 2023, 20:18:47",Bicicleta,"38,19",38195.6,6213.0,6860,6860.0,586.0,158.0,6.148
"16 abr 2023, 17:02:49",Bicicleta,"4,42",4426.6,1002.0,1140,1140.0,42.0,145.0,4.418
"16 abr 2023, 12:48:14",Bicicleta,"59,05",59056.3,10209.0,15160,15160.0,1024.0,165.0,5.785
"14 abr 2023, 21:57:57",Bicicleta,"6,39",6393.5,1317.0,1441,1441.0,50.0,134.0,4.855
"14 abr 2023, 20:02:05",Bicicleta,"26,26",26263.5,3587.0,6928,6928.0,96.0,149.0,7.322
"13 abr 2023, 23:51:03",Bicicleta,"6,69",6690.4,1344.0,6785,6785.0,74.1,,4.978
"12 abr 2023, 23:24:00",Bicicleta,"26,06",26066.8,4207.0,6181,6181.0,339.0,144.0,6.196
"11 abr 2023, 23:51:01",Bicicleta,"11,16",11163.4,1938.0,10461,10461.0,79.8,,5.76
"10 abr 2023, 22:57:31",Bicicleta,"50,78",50788.9,7885.0,11150,11150.0,535.0,144.0,6.441
"8 abr 2023, 13:43:21",Bicicleta,"58,82",58821.8,10730.0,15421,15421.0,1047.0,158.0,5.482
"7 abr 2023, 13:15:56",Caminata,"1,21",1218.6,775.0,846,846.0,0.0,136.0,1.572
"7 abr 2023, 12:28:05",Carrera,"7,14",7148.0,2856.0,2860,2860.0,0.0,161.0,2.503
"6 abr 2023, 23:46:16",Bicicleta,"11,85",11853.0,2179.0,7882,7882.0,78.3,,5.44
"5 abr 2023, 23:27:52",Bicicleta,"41,42",41424.3,6310.0,8116,8116.0,446.0,155.0,6.565
"5 abr 2023, 22:56:57",Bicicleta,"5,26",5264.5,1175.0,1855,1855.0,79.3,134.0,4.48
"4 abr 2023, 23:36:54",Bicicleta,"7,32",7325.9,1583.0,7672,7672.0,75.9,,4.628
"4 abr 2023, 17:39:26",Bicicleta,"12,14",12142.4,2005.0,2023,2023.0,112.0,156.0,6.056
"4 abr 2023, 16:45:38",Bicicleta,"20,36",20365.6,2848.0,3141,3141.0,163.0,162.0,7.151
"1 abr 2023, 14:03:05",Bicicleta,"37,72",37727.5,7756.0,16203,16203.0,667.0,146.0,4.864
"1 abr 2023, 6:33:10",Bicicleta,"6,86",6863.6,1408.0,1764,1764.0,158.4,,4.875
"28 mar 2023, 23:48:09",Bicicleta,"9,73",9735.6,2036.0,10345,10345.0,78.4,,4.782
"27 mar 2023, 22:54:41",Bicicleta,"50,72",50726.5,7519.0,8614,8614.0,435.0,145.0,6.746
"26 mar 2023, 13:23:33",Bicicleta,"59,06",59064.9,10582.0,15012,15012.0,1041.0,161.0,5.582
"24 mar 2023, 19:55:07",Bicicleta,"15,26",15267.8,2400.0,7449,7449.0,64.0,137.0,6.362
"23 mar 2023, 22:53:25",Bicicleta,"5,70",5707.8,1456.0,8042,8042.0,68.7,,3.92
"21 mar 2023, 23:48:28",Bicicleta,"6,48",6486.7,1632.0,7513,7513.0,72.3,,3.975
"19 mar 2023, 13:25:48",Bicicleta,"40,21",40214.8,7994.0,11380,11380.0,712.0,156.0,5.031
"18 mar 2023, 13:17:46",Senderismo,"2,40",2405.0,2379.0,7737,7737.0,41.4,,1.011
"17 mar 2023, 19:04:01",Bicicleta,"5,71",5715.4,1002.0,8889,8889.0,48.0,,5.704
"16 mar 2023, 23:44:43",Bicicleta,"5,92",5921.7,1289.0,8467,8467.0,76.1,,4.594
"14 mar 2023, 23:45:08",Bicicleta,"6,78",6787.5,1739.0,7927,7927.0,78.7,,3.903
"12 mar 2023, 11:56:51",Bicicleta,"85,83",85832.9,15357.0,23997,23997.0,1435.0,157.0,5.589
"4 mar 2023, 11:56:54",Bicicleta,"81,87",81876.3,14531.0,21904,21904.0,1437.0,147.0,5.635
"3 mar 2023, 21:56:06",Bicicleta,"8,70",8708.8,2876.0,14226,14226.0,29.0,119.0,3.028
"3 mar 2023, 19:58:48",Bicicleta,"21,56",21566.9,3020.0,6987,6987.0,80.0,132.0,7.141
"2 mar 2023, 23:45:53",Bicicleta,"6,57",6569.2,1873.0,11316,11316.0,66.5,,3.507
"25 feb 2023, 11:42:50",Bicicleta,"43,83",43831.9,8789.0,18525,18525.0,762.0,150.0,4.987
"24 feb 2023, 20:09:27",Bicicleta,"15,20",15203.6,2252.0,5898,5898.0,63.0,118.0,6.751
"23 feb 2023, 21:01:29",Bicicleta,"7,72",7724.3,1672.0,18894,18894.0,82.1,,4.62
"22 feb 2023, 20:50:58",Bicicleta,"8,07",8071.6,1798.0,11756,11756.0,81.0,,4.489
"17 feb 2023, 20:13:09",Bicicleta,"21,17",21172.7,3225.0,12086,12086.0,72.0,142.0,6.565
"14 feb 2023, 23:47:18",Bicicleta,"5,71",5717.8,1759.0,7447,7447.0,63.8,,3.251
"13 feb 2023, 20:11:26",Bicicleta,"42,46",42465.8,7755.0,12379,12379.0,545.0,151.0,5.476
"12 feb 2023, 23:12:19",Bicicleta,"24,06",24062.4,3476.0,4077,4077.0,167.0,161.0,6.922
"10 feb 2023, 20:01:26",Bicicleta,"16,13",16136.9,3878.0,20218,20218.0,144.0,0.0,4.161
"7 feb 2023, 23:48:24",Bicicleta,"5,61",5609.5,1393.0,7916,7916.0,61.9,,4.027
"4 feb 2023, 15:01:51",Senderismo,"4,93",4933.4,4966.0,12140,12140.0,139.8,,0.993
"3 feb 2023, 19:56:59",Bicicleta,"32,71",32718.3,5743.0,22071,22071.0,176.0,132.0,5.697
"2 feb 2023, 23:48:04",Bicicleta,"6,09",6097.0,1933.0,9688,9688.0,64.0,,3.154
"1 feb 2023, 22:56:50",Bicicleta,"35,26",35268.8,6429.0,9015,9015.0,483.0,147.0,5.486
"31 ene 2023, 23:43:59",Bicicleta,"6,44",6441.8,1810.0,8362,8362.0,65.6,,3.559
"28 ene 2023, 14:54:56",Bicicleta,"25,91",25916.1,6997.0,26948,26948.0,254.0,98.0,3.704
"27 ene 2023, 19:52:00",Bicicleta,"15,90",15901.1,2687.0,26063,26063.0,74.0,134.0,5.918
"26 ene 2023, 23:50:36",Bicicleta,"5,96",5960.1,1955.0,9632,9632.0,62.4,,3.049
"24 ene 2023, 23:22:10",Bicicleta,"6,39",6395.9,2142.0,13941,13941.0,62.7,,2.986
"23 ene 2023, 22:55:12",Bicicleta,"42,69",42696.3,7227.0,10896,10896.0,638.0,153.0,5.908
"22 ene 2023, 23:01:08",Bicicleta,"33,55",33553.6,6500.0,8028,8028.0,578.0,146.0,5.162
"21 ene 2023, 12:44:02",Bicicleta,"52,10",52108.2,9609.0,14205,14205.0,735.0,148.0,5.423
"20 ene 2023, 19:58:24",Bicicleta,"17,13",17137.5,3688.0,12097,12097.0,124.0,130.0,4.647
"19 ene 2023, 23:43:23",Bicicleta,"5,82",5824.3,1629.0,7979,7979.0,63.3,,3.575
"18 ene 2023, 20:47:36",Bicicleta,"5,78",5779.9,2144.0,12104,12104.0,61.7,,2.696
"14 ene 2023, 19:50:28",Bicicleta,"5,48",5484.7,1424.0,9773,9773.0,63.4,,3.852
"14 ene 2023, 13:43:54",Bicicleta,"36,73",36735.2,7920.0,13939,13939.0,328.0,139.0,4.638
"13 ene 2023, 19:57:31",Bicicleta,"16,62",16622.4,2959.0,12308,12308.0,89.0,125.0,5.618
"10 ene 2023, 23:50:08",Bicicleta,"5,89",5889.4,1551.0,8447,8447.0,64.1,,3.797
"7 ene 2023, 21:28:54",Bicicleta,"34,57",34571.3,7359.0,11722,11722.0,486.0,146.0,4.698
"6 ene 2023, 21:26:08",Bicicleta,"19,27",19278.4,3220.0,3817,3817.0,62.0,142.0,5.987
"3 ene 2023, 23:51:19",Bicicleta,"12,35",12353.4,2745.0,9272,9272.0,73.7,,4.5
"1 ene 2023, 21:38:01",Bicicleta,"8,35",8355.3,2067.0,11387,11387.0,118.0,129.0,4.042
"30 dic 2022, 19:49:14",Bicicleta,"6,74",6747.2,1379.0,4902,4902.0,43.0,21.0,4.893
"29 dic 2022, 23:50:59",Bicicleta,"5,93",5932.8,1908.0,8118,8118.0,61.1,,3.109
"27 dic 2022, 23:45:03",Bicicleta,"6,49",6494.7,1754.0,7706,7706.0,64.4,,3.703
"26 dic 2022, 20:44:53",Bicicleta,"30,04",30043.4,6295.0,14957,14957.0,402.0,149.0,4.773
"23 dic 2022, 19:58:33",Bicicleta,"5,94",5948.9,1570.0,7163,7163.0,58.8,,3.789
"23 dic 2022, 11:55:07",Bicicleta,"57,04",57039.6,10749.0,12204,12204.0,926.0,158.0,5.307
"22 dic 2022, 23:42:25",Bicicleta,"6,61",6615.6,2300.0,8544,8544.0,60.6,,2.876
"18 dic 2022, 15:14:44",Carrera,"2,28",2287.0,6940.0,8065,8065.0,166.0,,0.33
"16 dic 2022, 19:59:02",Bicicleta,"13,30",13300.2,2284.0,5824,5824.0,83.0,,5.823
"15 dic 2022, 23:47:22",Bicicleta,"6,90",6905.4,2049.0,11301,11301.0,66.5,,3.37
"13 dic 2022, 20:50:56",Bicicleta,"11,81",11818.3,3360.0,18465,18465.0,121.4,,3.517
"11 dic 2022, 22:52:26",Bicicleta,"31,40",31401.2,5934.0,7142,7142.0,418.0,141.0,5.292
"9 dic 2022, 19:49:03",Bicicleta,"12,60",12604.5,2522.0,6413,6413.0,79.6,,4.998
"8 dic 2022, 23:45:32",Bicicleta,"6,37",6377.4,2530.0,8471,8471.0,62.3,,2.521
"3 dic 2022, 11:36:01",Bicicleta,"60,74",60745.3,10300.0,15464,15464.0,788.0,149.0,5.898
"2 dic 2022, 19:47:39",Bicicleta,"11,14",11141.9,2606.0,17967,17967.0,72.4,,4.275
"29 nov 2022, 20:46:37",Bicicleta,"13,51",13512.7,5052.0,18438,18438.0,125.9,,2.675
"28 nov 2022, 22:40:59",Bicicleta,"31,01",31013.9,5475.0,6456,6456.0,400.0,145.0,5.665
"26 nov 2022, 12:27:02",Bicicleta,"88,26",88260.3,13730.0,15805,15805.0,1292.0,162.0,6.428
"25 nov 2022, 19:54:05",Bicicleta,"7,88",7888.8,2881.0,13378,13378.0,64.7,,2.738
"24 nov 2022, 23:46:53",Bicicleta,"5,84",5841.7,1697.0,7978,7978.0,60.1,,3.442
"21 nov 2022, 0:11:26",Entrenamiento,0,0.0,2183.0,2183,2183.0,0.0,152.0,0.0
"19 nov 2022, 12:31:28",Bicicleta,"43,67",43674.0,8190.0,9244,9244.0,540.0,145.0,5.333
"18 nov 2022, 19:46:12",Bicicleta,"13,78",13781.3,3515.0,20305,20305.0,97.4,,3.921
"17 nov 2022, 23:47:23",Bicicleta,"13,54",13541.3,3217.0,11696,11696.0,90.0,93.0,4.209
"13 nov 2022, 13:24:53",Bicicleta,"65,08",65081.8,11380.0,12420,12420.0,758.0,167.0,5.719
"13 nov 2022, 12:50:07",Bicicleta,"4,59",4598.2,922.0,1230,1230.0,41.0,147.0,4.987
"12 nov 2022, 15:52:01",Bicicleta,"10,87",10878.0,2823.0,27952,27952.0,87.4,,3.853
"12 nov 2022, 2:14:16",Entrenamiento,0,0.0,2700.0,2700,2700.0,0.0,140.0,0.0
"11 nov 2022, 19:50:26",Bicicleta,"6,05",6053.3,2861.0,9734,9734.0,51.8,,2.116
"8 nov 2022, 23:40:10",Bicicleta,"5,99",5995.1,1821.0,8434,8434.0,61.2,,3.292
"5 nov 2022, 22:45:00",Bicicleta,"45,81",45817.4,7187.0,9320,9320.0,479.0,151.0,6.375
"3 nov 2022, 12:48:12",Bicicleta,"64,65",64651.6,11574.0,15989,15989.0,758.0,158.0,5.586
"1 nov 2022, 23:39:22",Bicicleta,"5,92",5922.3,1774.0,7755,7755.0,63.5,,3.338
"1 nov 2022, 16:26:38",Bicicleta,"33,52",33519.9,5287.0,5570,5570.0,266.0,156.0,6.34
"31 oct 2022, 1:31:02",Entrenamiento,0,0.0,1613.0,1613,1613.0,0.0,140.0,0.0
"29 oct 2022, 14:38:48",Bicicleta,"18,36",18363.8,6048.0,20506,20506.0,189.0,104.0,3.036
"28 oct 2022, 19:47:07",Bicicleta,"5,75",5753.4,1502.0,5394,5394.0,59.6,,3.831
"28 oct 2022, 17:49:09",Carrera,"0,10",100.0,12.0,12,12.0,,,8.333
"27 oct 2022, 23:38:14",Bicicleta,"6,36",6362.5,2775.0,14944,14944.0,64.2,,2.293
"25 oct 2022, 23:39:43",Bicicleta,"7,36",7364.5,3564.0,13015,13015.0,64.7,,2.066
"25 oct 2022, 22:34:27",Entrenamiento,0,0.0,2261.0,2261,2261.0,0.0,153.0,0.0
"24 oct 2022, 20:50:44",Bicicleta,"9,24",9242.8,4615.0,10780,10780.0,74.8,,2.003
"23 oct 2022, 12:45:13",Bicicleta,"65,18",65182.2,12223.0,16953,16953.0,762.0,158.0,5.333
"21 oct 2022, 19:50:17",Bicicleta,"6,48",6482.6,1372.0,5115,5115.0,64.4,,4.725
"20 oct 2022, 23:38:14",Bicicleta,"6,17",6175.8,2333.0,9892,9892.0,66.8,,2.647
"19 oct 2022, 20:45:35",Bicicleta,"6,14",6144.0,2002.0,6709,6709.0,62.8,,3.069
"18 oct 2022, 23:40:58",Bicicleta,"6,43",6436.1,1767.0,8324,8324.0,65.0,,3.642
"14 oct 2022, 19:39:46",Bicicleta,"11,39",11391.7,2193.0,8760,8760.0,91.9,,5.195
"13 oct 2022, 23:50:29",Bicicleta,"6,16",6166.7,1606.0,7600,7600.0,61.3,,3.84
"11 oct 2022, 23:44:55",Bicicleta,"6,83",6833.8,3372.0,9398,9398.0,68.9,,2.027
"10 oct 2022, 20:01:20",Senderismo,"3,53",3537.4,3138.0,3417,3417.0,21.2,,1.127
"8 oct 2022, 11:56:58",Bicicleta,"69,50",69506.7,14845.0,23310,23310.0,1032.0,134.0,4.682
"7 oct 2022, 19:53:28",Bicicleta,"13,74",13748.7,3962.0,10415,10415.0,108.9,,3.47
"6 oct 2022, 23:43:24",Bicicleta,"6,79",6791.0,2741.0,12489,12489.0,65.5,,2.478
"4 oct 2022, 23:45:47",Bicicleta,"6,09",6097.7,2068.0,8717,8717.0,61.3,,2.949
"3 oct 2022, 22:25:33",Bicicleta,"33,21",33210.7,6837.0,10114,10114.0,613.0,148.0,4.858
"30 sept 2022, 19:48:08",Bicicleta,"5,82",5822.5,1394.0,4601,4601.0,59.9,,4.177
"28 sept 2022, 22:47:25",Bicicleta,"48,86",48861.1,9127.0,16350,16350.0,819.0,152.0,5.353
"27 sept 2022, 23:31:34",Bicicleta,"6,11",6109.3,1967.0,8408,8408.0,63.1,,3.106
"26 sept 2022, 22:57:53",Bicicleta,"40,69",40690.5,7675.0,10147,10147.0,654.0,147.0,5.302
"25 sept 2022, 13:38:07",Bicicleta,"47,01",47016.2,7611.0,12636,12636.0,475.0,139.0,6.177
"24 sept 2022, 16:24:44",Remo,0,0.0,7632.0,7632,7632.0,0.0,100.0,0.0
"24 sept 2022, 13:26:44",Bicicleta,"16,63",16631.6,3358.0,4474,4474.0,188.9,,4.953
"23 sept 2022, 19:48:34",Bicicleta,"4,59",4596.1,1907.0,5609,5609.0,30.1,,2.41
"22 sept 2022, 23:43:31",Bicicleta,"6,17",6178.7,1977.0,8070,8070.0,64.7,,3.125
"21 sept 2022, 22:41:24",Bicicleta,"52,08",52083.3,8683.0,10608,10608.0,465.0,144.0,5.998
"20 sept 2022, 23:45:35",Bicicleta,"6,21",6209.8,2290.0,9330,9330.0,59.6,,2.712
"18 sept 2022, 12:15:29",Bicicleta,"55,81",55816.2,9786.0,17314,17314.0,698.0,145.0,5.704
"16 sept 2022, 19:53:29",Bicicleta,"7,40",7403.5,1875.0,6223,6223.0,62.9,,3.949
"15 sept 2022, 23:34:22",Bicicleta,"6,06",6064.8,1772.0,8273,8273.0,63.4,,3.423
"11 sept 2022, 12:05:07",Bicicleta,"44,19",44194.6,9590.0,14294,14294.0,640.0,134.0,4.608
"10 sept 2022, 22:46:56",Bicicleta,"10,30",10306.7,3986.0,12834,12834.0,235.0,,2.586
"10 sept 2022, 12:58:19",Bicicleta,"25,15",25154.2,6038.0,8204,8204.0,227.0,127.0,4.166
"7 sept 2022, 22:56:06",Bicicleta,"72,20",72201.4,11667.0,14754,14754.0,1066.0,146.0,6.189
"5 sept 2022, 22:59:20",Bicicleta,"44,70",44704.2,8312.0,10453,10453.0,644.0,146.0,5.378
"3 sept 2022, 19:12:52",Bicicleta,"16,10",16108.9,3297.0,6367,6367.0,181.0,143.0,4.886
"3 sept 2022, 15:28:10",Bicicleta,"15,40",15401.8,3841.0,6253,6253.0,125.6,135.0,4.01
"2 sept 2022, 20:20:39",Bicicleta,"25,12",25121.8,6168.0,11368,11368.0,273.0,120.0,4.073
"2 sept 2022, 1:29:32",Caminata,"2,75",2754.1,2435.0,2523,2523.0,63.2,,1.131
"31 ago 2022, 22:44:16",Bicicleta,"53,75",53750.7,8994.0,10296,10296.0,520.0,139.0,5.976
"31 ago 2022, 13:45:11",Caminata,"1,92",1926.9,1545.0,1946,1946.0,0.0,126.0,1.247
"31 ago 2022, 13:00:19",Carrera,"6,30",6305.3,2663.0,2678,2678.0,0.0,155.0,2.368
"25 ago 2022, 22:21:46",Bicicleta,"43,71",43715.3,6967.0,8916,8916.0,402.0,140.0,6.275
"25 ago 2022, 11:40:56",Carrera,"8,25",8251.7,3506.0,4175,4175.0,0.0,146.0,2.354
"23 ago 2022, 23:42:02",Bicicleta,"27,38",27387.6,5492.0,6008,6008.0,406.0,125.0,4.987
"23 ago 2022, 13:23:03",Carrera,"7,42",7425.2,3349.0,3466,3466.0,0.0,136.0,2.217
"21 ago 2022, 16:54:21",Bicicleta,"4,01",4016.5,1357.0,3722,3722.0,35.0,119.0,2.96
"21 ago 2022, 14:43:03",Bicicleta,"43,74",43741.5,7145.0,7304,7304.0,357.0,169.0,6.122
"21 ago 2022, 13:30:49",Bicicleta,"6,25",6251.5,2367.0,3269,3269.0,8.0,118.0,2.641
"17 ago 2022, 22:36:17",Bicicleta,"46,42",46421.8,8938.0,11090,11090.0,746.6,147.0,5.194
"17 ago 2022, 12:45:26",Carrera,"6,28",6281.5,2783.0,2810,2810.0,0.0,148.0,2.257
"15 ago 2022, 22:44:15",Bicicleta,"51,20",51205.0,10465.0,11983,11983.0,892.8,147.0,4.893
"15 ago 2022, 20:24:05",Caminata,"5,02",5027.0,3946.0,4167,4167.0,45.4,,1.274
"14 ago 2022, 20:38:20",Bicicleta,"24,45",24450.4,3726.0,10941,10941.0,235.0,150.0,6.562
"13 ago 2022, 14:28:28",Bicicleta,"35,26",35261.7,9034.0,13283,13283.0,436.8,112.0,3.903
"10 ago 2022, 22:49:51",Bicicleta,"56,01",56012.3,9327.0,9724,9724.0,468.0,135.0,6.005
"8 ago 2022, 22:21:26",Bicicleta,"45,75",45752.5,8945.0,11206,11206.0,691.2,145.0,5.115
"7 ago 2022, 22:54:41",Bicicleta,"27,04",27040.1,4163.0,4730,4730.0,226.0,143.0,6.495
"7 ago 2022, 12:20:48",Carrera,"3,80",3800.0,1140.0,1140,1140.0,0.0,,3.333
"6 ago 2022, 14:17:53",Bicicleta,"48,59",48597.5,10706.0,20874,20874.0,728.0,138.0,4.539
"5 ago 2022, 15:32:22",Caminata,"4,61",4617.0,3440.0,3839,3839.0,84.6,,1.342
"28 jul 2022, 19:28:20",Senderismo,"0,23",231.2,256.0,273,273.0,0.0,,0.903
"28 jul 2022, 14:31:24",Senderismo,"5,43",5437.9,6924.0,13392,13392.0,563.6,,0.785
"26 jul 2022, 14:57:10",Bicicleta,"23,05",23053.8,6922.0,23707,23707.0,774.0,146.0,3.331
"24 jul 2022, 17:33:54",Senderismo,"5,63",5636.9,5486.0,7620,7620.0,263.8,,1.028
"23 jul 2022, 14:03:49",Senderismo,"11,81",11818.1,12875.0,22769,22769.0,989.3,,0.918
"18 jul 2022, 12:45:04",Carrera,"10,29",10291.9,4324.0,4416,4416.0,0.0,155.0,2.38
"17 jul 2022, 16:36:36",Bicicleta,"6,45",6454.1,1405.0,7479,7479.0,45.0,130.0,4.594
"17 jul 2022, 14:14:21",Bicicleta,"49,77",49778.0,8136.0,8446,8446.0,828.6,170.0,6.118
"17 jul 2022, 13:03:44",Bicicleta,"10,47",10470.9,2105.0,2960,2960.0,50.0,133.0,4.974
"16 jul 2022, 0:27:22",Bicicleta,"15,17",15173.4,3625.0,4355,4355.0,261.0,135.0,4.186
"14 jul 2022, 12:49:59",Caminata,"1,36",1363.2,819.0,819,819.0,0.0,132.0,1.664
"14 jul 2022, 12:00:20",Carrera,"6,35",6349.7,2878.0,2960,2960.0,0.0,131.0,2.206
"10 jul 2022, 14:24:38",Bicicleta,"50,23",50236.9,9136.0,12014,12014.0,845.8,163.0,5.499
"10 jul 2022, 13:44:17",Bicicleta,"5,72",5721.3,1296.0,15292,15292.0,63.4,,4.415
"7 jul 2022, 12:16:07",Bicicleta,"73,33",73338.4,12626.0,17166,17166.0,892.0,154.0,5.809
"7 jul 2022, 11:54:58",Bicicleta,"3,82",3821.9,900.0,1208,1208.0,28.0,129.0,4.247
"6 jul 2022, 13:59:31",Bicicleta,"5,06",5060.9,1125.0,1208,1208.0,39.9,,4.499
"3 jul 2022, 23:19:11",Caminata,"7,83",7832.3,4961.0,5550,5550.0,134.4,,1.579
"1 jul 2022, 17:00:13",Bicicleta,"11,08",11081.3,2087.0,2189,2189.0,220.0,155.0,5.31
"1 jul 2022, 16:34:43",Bicicleta,"3,35",3352.9,768.0,896,896.0,32.3,,4.366
"30 jun 2022, 22:18:55",Bicicleta,"6,04",6048.4,1695.0,8139,8139.0,33.9,,3.568
"30 jun 2022, 13:58:59",Bicicleta,"64,04",64046.1,11360.0,12932,12932.0,859.0,151.0,5.638
"28 jun 2022, 22:19:00",Bicicleta,"6,45",6453.1,2169.0,8774,8774.0,64.6,,2.975
"27 jun 2022, 23:08:41",Bicicleta,"4,31",4312.5,1600.0,5004,5004.0,36.0,,2.695
"26 jun 2022, 14:32:55",Bicicleta,"53,03",53038.9,13377.0,20798,20798.0,651.0,133.0,3.965
"25 jun 2022, 23:48:54",Bicicleta,"19,53",19529.4,5201.0,7578,7578.0,88.6,,3.755
"23 jun 2022, 22:13:11",Bicicleta,"6,76",6764.2,2311.0,9064,9064.0,69.2,,2.927
"18 jun 2022, 14:20:59",Bicicleta,"50,05",50054.0,9874.0,15331,15331.0,858.8,155.0,5.069
"18 jun 2022, 14:13:06",Bicicleta,"2,50",2501.1,414.0,473,473.0,28.4,144.0,6.041
"17 jun 2022, 20:52:39",Bicicleta,"21,72",21723.6,3704.0,9360,9360.0,78.0,143.0,5.865
"16 jun 2022, 22:25:41",Bicicleta,"6,99",6993.3,2485.0,12407,12407.0,71.6,,2.814
"14 jun 2022, 22:23:41",Bicicleta,"6,49",6491.5,1658.0,7796,7796.0,64.2,,3.915
"12 jun 2022, 20:48:53",Bicicleta,"46,51",46515.2,7312.0,9093,9093.0,503.0,152.0,6.361
"10 jun 2022, 20:59:55",Bicicleta,"19,45",19450.6,3516.0,10133,10133.0,68.0,140.0,5.532
"9 jun 2022, 22:26:01",Bicicleta,"6,70",6708.0,3172.0,10209,10209.0,66.8,,2.115
"5 jun 2022, 13:47:58",Bicicleta,"2,38",2385.2,396.0,1446,1446.0,17.0,85.0,6.023
"4 jun 2022, 18:15:07",Bicicleta,"7,13",7135.1,2393.0,7686,7686.0,76.9,,2.982
"3 jun 2022, 20:50:01",Bicicleta,"13,07",13076.6,3409.0,20635,20635.0,75.2,,3.836
"2 jun 2022, 22:22:13",Bicicleta,"6,02",6019.9,1581.0,7613,7613.0,60.4,,3.808
"31 may 2022, 22:22:59",Bicicleta,"6,47",6469.2,2002.0,8501,8501.0,60.9,,3.231
"29 may 2022, 15:29:34",Bicicleta,"31,66",31667.8,8119.0,20755,20755.0,459.0,127.0,3.9
"27 may 2022, 20:43:12",Bicicleta,"6,75",6755.8,2380.0,18634,18634.0,61.2,,2.839
"27 may 2022, 18:05:25",Bicicleta,"2,46",2468.0,699.0,1591,1591.0,28.8,,3.531
"26 may 2022, 22:31:03",Bicicleta,"6,65",6656.3,2262.0,10593,10593.0,64.5,,2.943
"24 may 2022, 22:23:22",Bicicleta,"10,39",10393.6,4180.0,9905,9905.0,126.1,,2.487
"22 may 2022, 13:07:59",Bicicleta,"34,22",34227.3,9584.0,22696,22696.0,421.0,117.0,3.571
"21 may 2022, 21:20:04",Bicicleta,"18,85",18854.8,6754.0,12427,12427.0,194.0,97.0,2.792
"20 may 2022, 21:11:00",Bicicleta,"18,12",18121.6,3733.0,10746,10746.0,155.0,135.0,4.854
"17 may 2022, 22:21:28",Bicicleta,"6,16",6164.6,1932.0,9220,9220.0,60.8,,3.191
"15 may 2022, 23:05:20",Bicicleta,"15,21",15213.4,3680.0,5302,5302.0,251.0,130.0,4.134
"13 may 2022, 20:57:00",Bicicleta,"18,46",18460.1,3322.0,14874,14874.0,79.0,141.0,5.557
"8 may 2022, 18:55:12",Bicicleta,"31,85",31851.6,4569.0,13132,13132.0,330.0,153.0,6.971
"6 may 2022, 21:05:44",Bicicleta,"6,96",6968.8,1617.0,10173,10173.0,68.0,,4.31
"4 may 2022, 23:10:10",Bicicleta,"36,67",36674.2,7541.0,9960,9960.0,525.0,137.0,4.863
"3 may 2022, 22:24:46",Bicicleta,"5,99",5995.4,1651.0,6681,6681.0,64.2,,3.631
"2 may 2022, 12:25:06",Bicicleta,"81,24",81244.5,15189.0,23374,23374.0,905.0,144.0,5.349
"29 abr 2022, 15:19:37",Bicicleta,"15,79",15790.0,4225.0,8531,8531.0,93.0,110.0,3.737
"28 abr 2022, 22:19:58",Bicicleta,"10,01",10016.5,2411.0,12910,12910.0,87.5,,4.154
"26 abr 2022, 22:22:20",Bicicleta,"5,90",5902.7,2011.0,11756,11756.0,61.1,,2.935
"25 abr 2022, 22:53:51",Bicicleta,"30,74",30747.7,7405.0,11656,11656.0,559.0,138.0,4.152
"24 abr 2022, 23:16:21",Bicicleta,"11,66",11666.6,3186.0,4721,4721.0,196.0,119.0,3.662
"23 abr 2022, 22:39:29",Bicicleta,"17,21",17213.3,4249.0,9385,9385.0,103.0,113.0,4.051
"22 abr 2022, 15:05:22",Bicicleta,"2,00",2000.8,522.0,1003,1003.0,28.8,,3.833
"21 abr 2022, 22:10:32",Bicicleta,"6,49",6493.8,2004.0,11960,11960.0,54.0,,3.24
"19 abr 2022, 22:13:52",Bicicleta,"6,86",6861.3,2627.0,11393,11393.0,65.8,,2.612
"16 abr 2022, 11:27:38",Bicicleta,"53,02",53023.9,10889.0,16670,16670.0,779.0,148.0,4.869
"14 abr 2022, 22:10:14",Bicicleta,"6,62",6622.6,2745.0,10140,10140.0,66.3,,2.413
"12 abr 2022, 22:24:39",Bicicleta,"7,36",7361.7,2807.0,10177,10177.0,69.3,,2.623
"12 abr 2022, 2:17:15",Bicicleta,"2,53",2536.7,649.0,649,649.0,31.0,129.0,3.909
"11 abr 2022, 23:15:00",Bicicleta,"49,65",49657.5,9584.0,10822,10822.0,727.0,152.0,5.181
"11 abr 2022, 22:52:27",Bicicleta,"2,58",2582.1,568.0,652,652.0,26.0,120.0,4.546
"11 abr 2022, 14:20:13",Bicicleta,"6,03",6032.8,2652.0,12127,12127.0,54.7,,2.275
"10 abr 2022, 11:56:30",Bicicleta,"52,73",52734.5,8767.0,12039,12039.0,517.0,141.0,6.015
"3 abr 2022, 15:42:51",Bicicleta,"37,75",37749.8,5382.0,5948,5948.0,347.0,148.0,7.014
"31 mar 2022, 22:25:51",Bicicleta,"6,58",6580.0,3396.0,10049,10049.0,60.6,,1.938
"29 mar 2022, 22:27:27",Bicicleta,"6,14",6143.5,3496.0,12056,12056.0,67.6,,1.757
"28 mar 2022, 23:19:23",Bicicleta,"35,96",35965.0,5180.0,5871,5871.0,344.0,150.0,6.943
"25 mar 2022, 23:18:18",Bicicleta,"18,12",18122.8,5366.0,12585,12585.0,206.0,110.0,3.377
"25 mar 2022, 20:47:21",Bicicleta,"5,67",5674.7,1523.0,8983,8983.0,31.0,108.0,3.726
"24 mar 2022, 22:27:41",Bicicleta,"3,21",3213.8,686.0,955,955.0,35.6,,4.685
"22 mar 2022, 22:24:57",Bicicleta,"7,83",7833.5,2265.0,7749,7749.0,84.3,,3.459
"20 mar 2022, 21:35:23",Bicicleta,"2,58",2584.8,642.0,787,787.0,32.0,126.0,4.026
"20 mar 2022, 16:26:28",Bicicleta,"40,44",40442.1,6252.0,9765,9765.0,386.0,142.0,6.469
"18 mar 2022, 18:20:20",Bicicleta,"2,21",2209.6,551.0,698,698.0,28.7,,4.01
"17 mar 2022, 22:32:51",Bicicleta,"5,52",5524.8,1148.0,5973,5973.0,59.8,,4.813
"13 mar 2022, 12:21:31",Caminata,"6,68",6683.5,4270.0,4480,4480.0,3.3,,1.565
"11 mar 2022, 20:53:42",Bicicleta,"21,66",21660.6,3979.0,8380,8380.0,156.0,136.0,5.444
"11 mar 2022, 18:21:28",Bicicleta,"2,38",2383.5,613.0,881,881.0,28.6,,3.888
"10 mar 2022, 22:27:05",Bicicleta,"6,91",6914.3,1936.0,9298,9298.0,61.5,,3.571
"8 mar 2022, 22:26:40",Bicicleta,"2,92",2921.9,755.0,5800,5800.0,30.0,,3.87
"7 mar 2022, 0:45:31",Bicicleta,"13,76",13765.8,4618.0,6231,6231.0,161.0,96.0,2.981
"5 mar 2022, 11:05:04",Bicicleta,"53,92",53928.5,16912.0,19435,19435.0,1925.8,145.0,3.189
"4 mar 2022, 20:50:29",Bicicleta,"16,44",16445.1,3352.0,6988,6988.0,85.0,123.0,4.906
"4 mar 2022, 18:02:36",Bicicleta,"2,69",2692.4,793.0,1268,1268.0,39.6,,3.395
"3 mar 2022, 22:26:12",Bicicleta,"4,46",4464.8,1154.0,6582,6582.0,32.1,,3.869
"28 feb 2022, 22:13:16",Caminata,"9,43",9431.4,8019.0,13186,13186.0,83.0,,1.176
"28 feb 2022, 14:48:35",Bicicleta,"16,53",16538.2,5243.0,9101,9101.0,200.0,104.0,3.154
"27 feb 2022, 14:44:57",Carrera,"4,11",4116.8,1607.0,1646,1646.0,88.2,182.0,2.562
"26 feb 2022, 10:58:03",Bicicleta,"66,10",66106.3,14012.0,16340,16340.0,1118.0,141.0,4.718
"25 feb 2022, 21:02:52",Bicicleta,"18,52",18524.7,3294.0,6756,6756.0,140.0,141.0,5.624
"24 feb 2022, 20:13:03",Bicicleta,"11,03",11029.2,3374.0,18017,18017.0,77.7,,3.269
"22 feb 2022, 21:12:18",Bicicleta,"7,98",7984.4,2454.0,11992,11992.0,72.1,,3.254
"19 feb 2022, 20:19:37",Bicicleta,"54,13",54130.3,10490.0,13260,13260.0,667.0,137.0,5.16
"19 feb 2022, 12:17:42",Carrera,"11,36",11362.9,5183.0,5248,5248.0,5.2,153.0,2.192
"18 feb 2022, 11:50:41",Bicicleta,"5,36",5364.7,2046.0,25550,25550.0,55.3,,2.622
"13 feb 2022, 15:34:39",Bicicleta,"1,02",1026.5,497.0,517,517.0,1.0,122.0,2.065
"13 feb 2022, 14:03:02",Bicicleta,"13,79",13795.0,2911.0,3376,3376.0,79.6,,4.739
"13 feb 2022, 11:47:46",Bicicleta,"21,50",21506.5,5029.0,9428,9428.0,373.0,132.0,4.276
"12 feb 2022, 22:03:17",Bicicleta,"15,13",15130.7,4965.0,13157,13157.0,112.0,110.0,3.047
"11 feb 2022, 10:21:08",Bicicleta,"75,66",75663.2,13852.0,17026,17026.0,1217.0,152.0,5.462
"10 feb 2022, 18:32:47",Bicicleta,"5,11",5115.3,1963.0,24298,24298.0,57.0,114.0,2.606
"5 feb 2022, 21:13:38",Natación,425,425.0,5875.0,5875,5875.0,,,0.072
"5 feb 2022, 11:51:17",Bicicleta,"56,64",56641.6,11408.0,13678,13678.0,800.0,142.0,4.965
"4 feb 2022, 20:27:09",Bicicleta,"9,06",9059.1,2541.0,10424,10424.0,77.0,112.0,3.565
"3 feb 2022, 22:48:43",Bicicleta,"38,11",38110.4,8722.0,13577,13577.0,490.0,140.0,4.369
"30 ene 2022, 11:59:24",Bicicleta,"71,80",71801.0,16206.0,21747,21747.0,1145.0,141.0,4.431
"28 ene 2022, 20:59:56",Bicicleta,"6,07",6075.9,1488.0,7130,7130.0,65.0,122.0,4.083
"27 ene 2022, 22:27:29",Bicicleta,"12,27",12274.9,3298.0,13700,13700.0,129.0,124.0,3.722
"26 ene 2022, 21:57:29",Bicicleta,"50,01",50018.9,9725.0,11779,11779.0,747.0,148.0,5.143
"23 ene 2022, 20:44:00",Natación,550,550.0,3355.0,3355,3355.0,,,0.164
"23 ene 2022, 13:13:07",Entrenamiento,0,0.0,945.0,945,945.0,0.0,,0.0
"23 ene 2022, 11:38:24",Caminata,"6,52",6519.8,4083.0,4887,4887.0,5.7,103.0,1.597
"22 ene 2022, 12:36:42",Bicicleta,"23,74",23740.9,6043.0,9621,9621.0,197.0,115.0,3.929
"21 ene 2022, 20:55:27",Bicicleta,"12,13",12137.3,2658.0,17505,17505.0,80.0,119.0,4.566
"20 ene 2022, 22:25:36",Bicicleta,"5,61",5610.5,1352.0,7696,7696.0,61.0,117.0,4.15
"18 ene 2022, 22:10:39",Bicicleta,"5,70",5700.0,1620.0,1620,1620.0,,,3.519
"17 ene 2022, 23:47:03",Bicicleta,"17,76",17762.9,4809.0,9246,9246.0,89.0,102.0,3.694
"16 ene 2022, 19:55:34",Bicicleta,"40,43",40433.1,8850.0,17326,17326.0,515.0,140.0,4.569
"16 ene 2022, 10:58:45",Bicicleta,"10,18",10185.1,2802.0,3465,3465.0,206.0,123.0,3.635
"15 ene 2022, 2:45:33",Bicicleta,"3,10",3099.3,640.0,746,746.0,22.0,131.0,4.843
"14 ene 2022, 20:58:03",Bicicleta,"12,10",12106.8,2179.0,6062,6062.0,56.0,140.0,5.556
"13 ene 2022, 22:22:24",Bicicleta,"6,18",6182.0,1851.0,11304,11304.0,63.0,,3.34
"11 ene 2022, 22:22:09",Bicicleta,"5,77",5777.0,1628.0,7615,7615.0,63.3,,3.549
"10 ene 2022, 23:54:54",Bicicleta,"6,76",6764.1,2186.0,4110,4110.0,92.0,110.0,3.094
"9 ene 2022, 11:42:32",Caminata,"1,65",1651.9,1142.0,1142,1142.0,0.0,123.0,1.447
"9 ene 2022, 11:01:50",Carrera,"6,12",6126.6,2382.0,2401,2401.0,0.0,165.0,2.572
"8 ene 2022, 23:29:05",Senderismo,"0,85",850.6,864.0,1098,1098.0,40.0,,0.984
"8 ene 2022, 20:47:17",Natación,475,475.0,2264.0,2264,2264.0,,,0.21
"8 ene 2022, 11:54:51",Bicicleta,"65,43",65435.6,13422.0,18161,18161.0,1030.0,148.0,4.875
"7 ene 2022, 20:43:10",Bicicleta,"21,54",21540.8,4750.0,21302,21302.0,156.0,139.0,4.535
"6 ene 2022, 22:20:32",Bicicleta,"8,40",8407.3,2721.0,13413,13413.0,77.0,106.0,3.09
"4 ene 2022, 22:22:26",Bicicleta,"4,00",4002.5,1320.0,8085,8085.0,54.0,115.0,3.032
"3 ene 2022, 23:02:58",Bicicleta,"15,19",15197.8,5129.0,10295,10295.0,239.0,113.0,2.963
"2 ene 2022, 12:25:34",Bicicleta,"41,00",41002.6,8715.0,15873,15873.0,625.0,141.0,4.705
"1 ene 2022, 1:57:16",Bicicleta,"10,43",10431.7,3443.0,8910,8910.0,93.0,106.0,3.03
"31 dic 2021, 22:06:35",Bicicleta,"3,17",3173.3,1219.0,2167,2167.0,26.0,121.0,2.603
"31 dic 2021, 17:07:32",Natación,350,350.0,2756.0,2756,2756.0,,,0.127
"28 dic 2021, 14:21:26",Natación,125,125.0,2597.0,2597,2597.0,,,0.048
"27 dic 2021, 11:39:01",Carrera,"6,21",6215.8,2536.0,3213,3213.0,0.0,,2.451
"26 dic 2021, 12:31:31",Bicicleta,"45,78",45783.6,7873.0,11280,11280.0,505.0,,5.815
"25 dic 2021, 12:28:10",Bicicleta,"57,74",57746.4,9622.0,13103,13103.0,697.0,,6.001
"24 dic 2021, 23:15:03",Bicicleta,"3,62",3623.2,1459.0,1954,1954.0,24.0,,2.483
"21 dic 2021, 0:01:09",Bicicleta,"13,51",13515.8,4853.0,11434,11434.0,237.0,,2.785
"18 dic 2021, 23:23:04",Bicicleta,"11,60",11600.8,2323.0,20103,20103.0,229.0,,4.994
"17 dic 2021, 20:38:37",Bicicleta,"10,05",10056.3,2585.0,15236,15236.0,113.0,,3.89
"16 dic 2021, 22:21:07",Bicicleta,"6,20",6202.9,1723.0,7356,7356.0,69.0,,3.6
"14 dic 2021, 22:11:32",Bicicleta,"6,16",6164.9,1555.0,8804,8804.0,56.9,,3.965
"13 dic 2021, 16:05:13",Bicicleta,"2,20",2201.7,743.0,771,771.0,36.8,,2.963
"13 dic 2021, 1:32:29",Bicicleta,"2,20",2201.3,908.0,1321,1321.0,19.0,,2.424
"12 dic 2021, 15:45:12",Remo,12.000,12000.0,9300.0,9300,9300.0,,,1.29
"11 dic 2021, 0:00:15",Bicicleta,"6,10",6100.0,4234.0,4234,4234.0,,,1.441
"10 dic 2021, 20:37:44",Bicicleta,"10,31",10316.3,2651.0,7808,7808.0,46.8,,3.891
"10 dic 2021, 16:37:31",Bicicleta,"9,41",9414.6,2789.0,6783,6783.0,122.3,,3.376
"9 dic 2021, 12:37:23",Bicicleta,"5,80",5799.7,2171.0,13039,13039.0,51.2,,2.671
"8 dic 2021, 13:10:46",Bicicleta,"2,64",2644.0,951.0,6486,6486.0,19.0,,2.78
"7 dic 2021, 22:09:17",Bicicleta,"7,11",7113.4,2771.0,14388,14388.0,65.5,,2.567
"7 dic 2021, 17:28:35",Bicicleta,"5,40",5408.9,1983.0,5574,5574.0,50.2,,2.728
"4 dic 2021, 12:11:50",Bicicleta,"49,48",49487.1,8347.0,9814,9814.0,602.6,,5.929
"3 dic 2021, 21:08:02",Bicicleta,"13,47",13478.4,2816.0,5790,5790.0,80.5,,4.786
"2 dic 2021, 12:25:48",Bicicleta,"5,02",5021.6,1533.0,12487,12487.0,55.8,,3.276
"1 dic 2021, 13:05:02",Bicicleta,"5,13",5133.9,1859.0,7409,7409.0,51.3,,2.762
"26 nov 2021, 20:43:54",Bicicleta,"11,26",11263.7,2453.0,6960,6960.0,76.1,,4.592
"26 nov 2021, 17:36:21",Bicicleta,"4,65",4656.4,1493.0,2285,2285.0,51.9,,3.119
"25 nov 2021, 22:08:43",Bicicleta,"5,75",5750.9,2106.0,8331,8331.0,62.0,,2.731
"22 nov 2021, 18:53:46",Bicicleta,"2,93",2932.0,952.0,1925,1925.0,39.3,,3.08
"21 nov 2021, 21:07:00",Natación,500,500.0,3624.0,3624,3624.0,,,0.138
"21 nov 2021, 12:28:53",Bicicleta,"46,23",46237.9,7391.0,9060,9060.0,541.0,,6.256
"20 nov 2021, 11:47:04",Bicicleta,"50,92",50928.9,9432.0,11106,11106.0,596.3,,5.4
"19 nov 2021, 17:46:57",Bicicleta,"2,05",2049.9,785.0,1480,1480.0,33.0,,2.611
"19 nov 2021, 17:04:43",Bicicleta,"2,25",2255.6,572.0,681,681.0,19.2,,3.943
"16 nov 2021, 22:11:02",Bicicleta,"4,33",4332.2,1359.0,6937,6937.0,31.4,,3.188
"14 nov 2021, 13:06:09",Bicicleta,"64,92",64926.2,12233.0,14732,14732.0,936.0,,5.307
"13 nov 2021, 22:25:23",Natación,600,600.0,3382.0,3382,3382.0,,,0.177
"13 nov 2021, 15:00:57",Bicicleta,"8,58",8586.2,3474.0,13719,13719.0,74.0,,2.472
"12 nov 2021, 22:09:28",Bicicleta,"6,57",6578.6,1440.0,1693,1693.0,39.0,,4.568
"9 nov 2021, 22:19:46",Bicicleta,"5,86",5861.5,1605.0,7642,7642.0,62.0,,3.652
"8 nov 2021, 22:32:27",Bicicleta,"10,59",10594.5,4742.0,15154,15154.0,153.1,,2.234
"7 nov 2021, 22:09:01",Natación,150,150.0,2820.0,2820,2820.0,0.0,,0.053
"7 nov 2021, 14:06:23",Bicicleta,"52,57",52574.7,12495.0,17280,17280.0,908.8,,4.208
"5 nov 2021, 20:58:16",Bicicleta,"8,13",8137.1,2096.0,5712,5712.0,72.3,,3.882
"5 nov 2021, 16:25:18",Bicicleta,"11,71",11718.4,3104.0,11940,11940.0,83.7,,3.775
"4 nov 2021, 22:20:25",Bicicleta,"5,56",5560.1,1194.0,7392,7392.0,61.9,,4.657
"1 nov 2021, 14:57:28",Bicicleta,"34,58",34582.6,10802.0,16379,16379.0,1043.6,,3.202
"1 nov 2021, 1:07:55",Bicicleta,"2,15",2157.9,921.0,1337,1337.0,44.7,,2.343
"30 oct 2021, 21:50:23",Natación,1.050,1050.0,4680.0,4680,4680.0,,,0.224
"29 oct 2021, 22:01:51",Bicicleta,"3,00",3002.1,696.0,1288,1288.0,34.6,,4.313
"26 oct 2021, 22:22:22",Bicicleta,"2,89",2896.5,721.0,3629,3629.0,32.2,,4.017
"23 oct 2021, 13:20:19",Bicicleta,"40,11",40109.6,12975.0,17164,17164.0,842.5,,3.091
"22 oct 2021, 20:45:54",Bicicleta,"4,14",4145.6,1107.0,5510,5510.0,39.8,,3.745
"21 oct 2021, 22:14:25",Bicicleta,"7,45",7456.0,3240.0,8892,8892.0,69.5,,2.301
"21 oct 2021, 1:25:00",Bicicleta,"4,17",4169.3,1981.0,6399,6399.0,47.0,,2.105
"17 oct 2021, 11:11:29",Bicicleta,"11,15",11152.1,3040.0,4393,4393.0,241.5,,3.668
"13 oct 2021, 23:46:20",Bicicleta,"7,25",7252.9,2779.0,3922,3922.0,218.3,,2.61
"11 oct 2021, 21:56:52",Bicicleta,"11,72",11719.3,3681.0,8462,8462.0,81.2,,3.184
"9 oct 2021, 15:51:54",Natación,700,700.0,6513.0,6513,6513.0,,,0.107
"5 oct 2021, 22:17:50",Bicicleta,"5,55",5553.3,1393.0,8650,8650.0,62.5,,3.987
"5 oct 2021, 1:45:53",Bicicleta,"11,57",11569.4,2985.0,5132,5132.0,78.7,,3.876
"3 oct 2021, 12:22:11",Carrera,"10,48",10487.8,4775.0,5219,5219.0,0.0,,2.196
"1 oct 2021, 21:42:26",Bicicleta,"6,41",6413.2,2134.0,5844,5844.0,62.2,,3.005
"30 sept 2021, 22:12:15",Bicicleta,"8,58",8581.4,2187.0,8153,8153.0,48.7,,3.924
"28 sept 2021, 23:39:24",Bicicleta,"5,86",5864.5,1946.0,3476,3476.0,64.9,,3.014
"20 sept 2021, 21:04:23",Carrera,"3,80",3800.0,2850.0,2850,2850.0,,,1.333
"19 sept 2021, 19:33:00",Natación,1.200,1200.0,4589.0,4589,4589.0,,,0.261
"19 sept 2021, 16:24:45",Senderismo,"0,75",758.8,812.0,812,812.0,36.0,,0.934
"19 sept 2021, 14:19:06",Senderismo,"0,78",784.1,782.0,840,840.0,7.8,,1.003
"18 sept 2021, 23:10:58",Bicicleta,"20,19",20194.3,7586.0,12284,12284.0,320.8,,2.662
"18 sept 2021, 15:27:00",Carrera,"0,08",80.0,9.0,9,9.0,,,8.889
"17 sept 2021, 16:15:29",Bicicleta,"5,20",5200.0,2666.0,2666,2666.0,,,1.95
"17 sept 2021, 15:34:00",Carrera,"0,08",80.0,10.0,10,10.0,0.0,,8.0
"15 sept 2021, 23:59:00",Bicicleta,"12,34",12347.0,4775.0,6050,6050.0,143.5,,2.586
"14 sept 2021, 23:31:40",Bicicleta,"7,87",7873.4,1957.0,2813,2813.0,74.9,,4.023
"14 sept 2021, 10:45:00",Bicicleta,"46,00",46000.0,7380.0,7380,7380.0,511.0,,6.233
"13 sept 2021, 22:09:30",Entrenamiento con pesas,"0,50",500.0,3427.0,3427,3427.0,0.0,,0.146
"13 sept 2021, 21:21:45",Carrera,"3,10",3100.0,2978.0,2978,2978.0,,,1.041
"11 sept 2021, 12:57:01",Bicicleta,"77,07",77070.6,11561.0,12329,12329.0,724.8,,6.666
"8 sept 2021, 22:20:33",Bicicleta,"1,85",1857.8,392.0,1187,1187.0,12.8,,4.739
"5 sept 2021, 12:41:38",Senderismo,"1,39",1395.2,1994.0,3354,3354.0,162.4,,0.7
"4 sept 2021, 13:24:14",Bicicleta,"58,08",58085.0,12334.0,16588,16588.0,1096.7,,4.709
"4 sept 2021, 11:35:04",Bicicleta,"32,00",32000.0,6540.0,6540,6540.0,0.0,,4.893
"2 sept 2021, 21:09:30",Carrera,"4,10",4100.0,2940.0,2940,2940.0,,,1.395
"2 sept 2021, 1:02:42",Bicicleta,"3,47",3477.4,1090.0,1847,1847.0,26.3,,3.19
"1 sept 2021, 22:40:50",Bicicleta,"11,42",11426.4,3551.0,5679,5679.0,206.1,,3.218
"1 sept 2021, 22:08:48",Bicicleta,"7,00",7005.0,1705.0,1803,1803.0,58.7,,4.109
"31 ago 2021, 16:04:04",Bicicleta,"6,27",6278.2,2848.0,4610,4610.0,52.9,,2.204
"30 ago 2021, 23:32:22",Bicicleta,"50,68",50679.6,9492.0,12317,12317.0,743.0,,5.339
"29 ago 2021, 19:02:00",Bicicleta,"32,49",32490.0,11029.0,11029,11029.0,450.0,,2.946
"27 ago 2021, 20:38:22",Carrera,"3,40",3400.0,3699.0,3699,3699.0,,,0.919
"27 ago 2021, 16:17:32",Bicicleta,"5,80",5800.0,3076.0,3076,3076.0,,,1.886
"26 ago 2021, 20:04:13",Caminata,"6,39",6396.0,5808.0,11839,11839.0,47.6,,1.101
"25 ago 2021, 14:12:22",Carrera,"3,40",3400.0,3249.0,3249,3249.0,,,1.046
"24 ago 2021, 22:35:47",Natación,400,400.0,2447.0,2447,2447.0,,,0.163
"24 ago 2021, 14:04:53",Carrera,"2,80",2800.0,1277.0,1277,1277.0,,,2.193
"23 ago 2021, 21:15:54",Carrera,"2,90",2900.0,2078.0,2078,2078.0,,,1.396
"22 ago 2021, 20:26:46",Bicicleta,"1,64",1646.4,350.0,623,623.0,9.1,,4.704
"21 ago 2021, 12:28:40",Bicicleta,"35,13",35130.8,9785.0,13267,13267.0,498.8,,3.59
"20 ago 2021, 15:58:52",Bicicleta,"8,05",8054.5,4290.0,9512,9512.0,120.5,,1.878
"18 ago 2021, 21:01:08",Carrera,"3,50",3500.0,3376.0,3376,3376.0,,,1.037
"18 ago 2021, 17:03:03",Bicicleta,"9,58",9579.6,2318.0,3141,3141.0,178.1,,4.133
"17 ago 2021, 22:42:04",Bicicleta,"24,26",24266.4,5518.0,6495,6495.0,464.2,,4.398
"15 ago 2021, 14:49:42",Caminata,"3,70",3700.0,4136.0,4136,4136.0,,,0.895
"15 ago 2021, 12:23:48",Bicicleta,"27,78",27788.6,5789.0,7072,7072.0,444.5,,4.8
"13 ago 2021, 21:07:22",Carrera,"4,30",4300.0,3980.0,3980,3980.0,,,1.08
"12 ago 2021, 22:52:38",Bicicleta,"40,56",40562.4,7616.0,11032,11032.0,669.0,,5.326
"11 ago 2021, 20:44:27",Carrera,"3,60",3600.0,4417.0,4417,4417.0,,,0.815
"11 ago 2021, 14:13:15",Carrera,"3,20",3200.0,2446.0,2446,2446.0,,,1.308
"10 ago 2021, 14:15:40",Carrera,"3,70",3700.0,3780.0,3780,3780.0,,,0.979
"9 ago 2021, 20:37:00",Senderismo,"1,80",1806.8,1834.0,10236,10236.0,51.6,,0.985
"9 ago 2021, 12:29:14",Bicicleta,"70,92",70923.3,10952.0,15308,15308.0,649.8,,6.476
"8 ago 2021, 19:34:45",Senderismo,"1,76",1764.2,1603.0,11940,11940.0,53.8,,1.101
"8 ago 2021, 12:27:04",Bicicleta,"39,27",39270.0,8840.0,16674,16674.0,407.1,,4.442
"7 ago 2021, 12:29:05",Carrera,"7,00",6999.7,2812.0,3190,3190.0,50.0,,2.489
"6 ago 2021, 21:17:02",Caminata,"3,06",3065.3,2427.0,5300,5300.0,35.4,,1.263
"6 ago 2021, 16:25:01",Bicicleta,"3,86",3860.6,1048.0,1848,1848.0,49.2,,3.684
"5 ago 2021, 22:34:11",Bicicleta,"30,20",30201.5,8409.0,12458,12458.0,437.9,,3.592
"4 ago 2021, 21:02:25",Carrera,"3,30",3300.0,3480.0,3480,3480.0,,,0.948
"4 ago 2021, 14:15:38",Carrera,"3,00",3000.0,4438.0,4438,4438.0,,,0.676
"3 ago 2021, 21:46:01",Bicicleta,"26,77",26773.6,7308.0,9087,9087.0,213.7,,3.664
"3 ago 2021, 14:24:18",Carrera,"3,00",3000.0,1800.0,1800,1800.0,,,1.667
"31 jul 2021, 11:46:50",Bicicleta,"110,33",110333.9,18881.0,23315,23315.0,1457.4,,5.844
"30 jul 2021, 21:03:41",Bicicleta,"23,00",23007.3,7480.0,14096,14096.0,398.1,,3.076
"29 jul 2021, 21:08:43",Carrera,"3,20",3200.0,1800.0,1800,1800.0,,,1.778
"28 jul 2021, 21:15:03",Carrera,"2,40",2400.0,2700.0,2700,2700.0,,,0.889
"27 jul 2021, 20:48:28",Bicicleta,"32,44",32443.5,8741.0,12729,12729.0,460.4,,3.712
"25 jul 2021, 13:33:43",Bicicleta,"46,04",46041.7,6486.0,7430,7430.0,303.6,,7.099
"23 jul 2021, 21:04:04",Carrera,"4,00",4000.0,4440.0,4440,4440.0,,,0.901
"22 jul 2021, 21:20:38",Carrera,"3,50",3500.0,4080.0,4080,4080.0,,,0.858
"22 jul 2021, 19:37:07",Bicicleta,"11,47",11473.0,3066.0,5015,5015.0,101.7,,3.742
"21 jul 2021, 21:20:44",Carrera,"5,00",5000.0,7320.0,7320,7320.0,,,0.683
"20 jul 2021, 21:59:28",Bicicleta,"35,21",35210.2,6899.0,8163,8163.0,451.0,,5.104
"19 jul 2021, 21:28:25",Carrera,"1,50",1500.0,1620.0,1620,1620.0,,,0.926
"18 jul 2021, 14:11:48",Bicicleta,"34,49",34498.7,8041.0,23887,23887.0,516.9,,4.29
"16 jul 2021, 21:20:03",Carrera,"3,60",3600.0,3960.0,3960,3960.0,,,0.909
"16 jul 2021, 12:15:31",Carrera,"7,00",7004.2,3268.0,3773,3773.0,32.0,,2.143
"14 jul 2021, 23:07:08",Bicicleta,"23,00",23000.3,5934.0,7651,7651.0,338.4,,3.876
"14 jul 2021, 12:26:13",Carrera,"6,70",6707.6,3521.0,3591,3591.0,35.2,,1.905
"11 jul 2021, 22:02:01",Bicicleta,"78,18",78188.8,11476.0,15003,15003.0,1163.0,,6.813
"9 jul 2021, 21:10:37",Carrera,"3,30",3300.0,3840.0,3840,3840.0,,,0.859
"8 jul 2021, 21:28:49",Bicicleta,"28,89",28889.2,5697.0,6742,6742.0,406.1,,5.071
"7 jul 2021, 21:24:14",Carrera,"6,30",6300.0,5460.0,5460,5460.0,,,1.154
"7 jul 2021, 20:23:32",Bicicleta,"6,54",6544.5,2109.0,19756,19756.0,74.7,,3.103
"7 jul 2021, 11:16:39",Caminata,"8,46",8460.3,7177.0,11824,11824.0,114.1,,1.179
"6 jul 2021, 20:57:11",Bicicleta,"12,01",12013.1,4726.0,19873,19873.0,122.7,,2.542
"6 jul 2021, 16:30:40",Caminata,"4,10",4100.0,4500.0,4500,4500.0,,,0.911
"2 jul 2021, 11:28:53",Caminata,"6,10",6100.0,3840.0,3840,3840.0,,,1.589
"28 jun 2021, 23:09:27",Bicicleta,"8,60",8601.3,3231.0,9143,9143.0,75.9,,2.662
"27 jun 2021, 13:26:55",Bicicleta,"29,81",29811.2,8038.0,14951,14951.0,316.7,,3.709
"26 jun 2021, 21:05:30",Bicicleta,"33,04",33046.0,8332.0,10596,10596.0,452.9,,3.966
"24 jun 2021, 22:41:31",Bicicleta,"70,03",70037.5,10081.0,10545,10545.0,603.3,,6.947
"22 jun 2021, 21:45:55",Bicicleta,"71,30",71308.0,14739.0,20224,20224.0,988.3,,4.838
"21 jun 2021, 23:26:32",Bicicleta,"4,94",4947.5,2090.0,9833,9833.0,62.3,,2.367
"17 jun 2021, 21:18:17",Carrera,"6,02",6027.2,3784.0,3835,3835.0,0.0,,1.593
"16 jun 2021, 21:41:46",Bicicleta,"7,41",7415.4,2209.0,13008,13008.0,71.9,,3.357
"15 jun 2021, 23:04:19",Bicicleta,"33,15",33149.4,7295.0,8218,8218.0,784.3,,4.544
"14 jun 2021, 23:10:50",Bicicleta,"6,00",6006.1,1876.0,10050,10050.0,63.9,,3.202
"9 jun 2021, 21:52:29",Bicicleta,"5,03",5029.7,1418.0,12971,12971.0,61.8,,3.547
"8 jun 2021, 22:50:24",Bicicleta,"26,78",26780.6,7879.0,10726,10726.0,232.0,,3.399
"7 jun 2021, 22:54:43",Bicicleta,"7,10",7102.7,2188.0,9049,9049.0,75.1,,3.246
"6 jun 2021, 22:44:02",Bicicleta,"27,05",27052.0,4384.0,4722,4722.0,245.1,,6.171
"5 jun 2021, 12:32:34",Bicicleta,"56,39",56396.1,13948.0,20244,20244.0,1271.9,,4.043
"4 jun 2021, 22:18:56",Bicicleta,"15,00",15006.1,3390.0,19157,19157.0,120.6,,4.427
"2 jun 2021, 21:41:08",Bicicleta,"11,93",11930.8,3805.0,17107,17107.0,140.8,,3.136
"1 jun 2021, 23:25:04",Bicicleta,"22,18",22187.9,4471.0,5873,5873.0,249.4,,4.963
"31 may 2021, 23:12:42",Bicicleta,"8,93",8936.6,3023.0,11297,11297.0,87.8,,2.956
"26 may 2021, 21:49:20",Bicicleta,"3,94",3943.4,1823.0,17392,17392.0,45.6,,2.163
"24 may 2021, 11:50:36",Bicicleta,"110,06",110067.3,16725.0,21836,21836.0,1054.4,,6.581
"19 may 2021, 21:44:59",Bicicleta,"17,79",17790.0,4508.0,19996,19996.0,126.8,,3.946
"18 may 2021, 23:02:56",Bicicleta,"22,13",22131.8,8222.0,12315,12315.0,404.7,,2.692
"16 may 2021, 22:44:01",Bicicleta,"7,50",7502.2,2919.0,8679,8679.0,107.4,,2.57
"12 may 2021, 21:40:42",Bicicleta,"8,36",8367.4,3080.0,17188,17188.0,105.2,,2.717
"11 may 2021, 21:38:57",Bicicleta,"37,74",37741.8,7169.0,8523,8523.0,536.9,,5.265
"10 may 2021, 23:00:26",Bicicleta,"7,89",7892.6,2836.0,12156,12156.0,103.1,,2.783
"4 may 2021, 20:16:45",Bicicleta,"32,31",32312.8,9656.0,18836,18836.0,467.7,,3.346
"3 may 2021, 23:07:23",Bicicleta,"7,87",7870.4,2692.0,11297,11297.0,75.4,,2.924
"2 may 2021, 12:21:55",Bicicleta,"90,76",90761.3,13717.0,20567,20567.0,828.7,,6.617
"1 may 2021, 11:34:56",Bicicleta,"17,61",17614.8,6216.0,10489,10489.0,267.2,,2.834
"29 abr 2021, 21:21:30",Carrera,"2,02",2022.7,904.0,3795,3795.0,0.0,,2.237
"28 abr 2021, 21:37:43",Bicicleta,"5,81",5810.4,2131.0,14964,14964.0,69.0,,2.727
"27 abr 2021, 19:56:29",Bicicleta,"5,57",5570.5,1695.0,7043,7043.0,102.9,,3.286
"26 abr 2021, 23:10:33",Bicicleta,"5,74",5741.6,1975.0,11012,11012.0,66.9,,2.907
"25 abr 2021, 12:04:48",Bicicleta,"102,89",102897.3,17645.0,27851,27851.0,1261.8,,5.832
"24 abr 2021, 21:59:34",Bicicleta,"17,40",17399.5,5213.0,8123,8123.0,294.0,,3.338
"22 abr 2021, 21:54:02",Bicicleta,"21,26",21263.1,4706.0,5553,5553.0,370.2,,4.518
"20 abr 2021, 22:18:05",Bicicleta,"41,67",41669.7,9011.0,10921,10921.0,564.1,,4.624
"19 abr 2021, 23:14:47",Bicicleta,"15,08",15084.6,3639.0,16332,16332.0,129.4,,4.145
"18 abr 2021, 15:00:34",Bicicleta,"62,05",62056.9,12434.0,19124,19124.0,739.1,,4.991
"16 abr 2021, 15:59:24",Bicicleta,"31,28",31284.5,10345.0,17822,17822.0,454.2,,3.024
"14 abr 2021, 21:45:40",Bicicleta,"6,01",6012.9,1449.0,16951,16951.0,68.0,,4.15
"13 abr 2021, 23:33:13",Bicicleta,"38,42",38424.6,5750.0,6070,6070.0,361.3,,6.683
"13 abr 2021, 14:25:40",Bicicleta,"6,50",6500.7,2765.0,12213,12213.0,78.1,,2.351
"12 abr 2021, 23:05:26",Bicicleta,"10,87",10878.1,2812.0,9616,9616.0,88.8,,3.868
"11 abr 2021, 20:37:07",Bicicleta,"30,57",30574.3,5628.0,6642,6642.0,447.2,,5.433
"8 abr 2021, 21:18:55",Bicicleta,"24,92",24919.8,4967.0,6864,6864.0,309.6,,5.017
"7 abr 2021, 15:36:44",Bicicleta,"4,15",4153.6,2194.0,9007,9007.0,67.5,,1.893
"6 abr 2021, 23:19:31",Carrera,"4,10",4099.8,1625.0,1802,1802.0,0.0,,2.523
"5 abr 2021, 21:41:13",Bicicleta,"14,13",14131.3,4618.0,14294,14294.0,139.5,,3.06
"28 mar 2021, 23:15:53",Caminata,"2,78",2785.8,2597.0,2702,2702.0,35.3,,1.073
"26 mar 2021, 22:45:43",Bicicleta,"9,78",9779.6,2410.0,2804,2804.0,223.0,,4.058
"17 mar 2021, 21:41:19",Bicicleta,"5,66",5665.5,1924.0,13799,13799.0,62.8,,2.945
"16 mar 2021, 22:04:53",Bicicleta,"60,18",60182.1,9537.0,11411,11411.0,700.4,,6.31
"15 mar 2021, 23:07:25",Bicicleta,"12,48",12483.9,3780.0,12514,12514.0,107.6,,3.303
"15 mar 2021, 21:34:03",Carrera,"1,58",1582.4,656.0,4376,4376.0,0.0,,2.412
"14 mar 2021, 13:59:17",Bicicleta,"43,48",43488.5,14525.0,28439,28439.0,445.8,,2.994
"12 mar 2021, 23:40:08",Bicicleta,"8,00",8008.1,2660.0,9506,9506.0,83.4,,3.011
"11 mar 2021, 23:46:13",Bicicleta,"2,65",2656.8,1244.0,5820,5820.0,16.2,,2.136
"10 mar 2021, 21:47:18",Bicicleta,"8,52",8520.8,3310.0,18433,18433.0,93.0,,2.574
"9 mar 2021, 23:10:41",Bicicleta,"63,83",63831.7,10681.0,11192,11192.0,617.3,,5.976
"9 mar 2021, 22:18:52",Bicicleta,"2,51",2516.0,654.0,3098,3098.0,18.9,,3.847
"8 mar 2021, 23:19:27",Bicicleta,"6,50",6504.9,2150.0,7477,7477.0,73.1,,3.026
"6 mar 2021, 11:24:16",Bicicleta,"37,52",37525.8,11714.0,24055,24055.0,423.2,,3.204
"5 mar 2021, 23:40:22",Bicicleta,"2,57",2575.3,1389.0,6157,6157.0,17.7,,1.854
"4 mar 2021, 23:45:32",Bicicleta,"2,37",2374.2,1036.0,5197,5197.0,13.9,,2.292
"2 mar 2021, 1:08:56",Bicicleta,"2,82",2823.5,1946.0,2707,2707.0,35.1,,1.451
"27 feb 2021, 17:00:25",Bicicleta,"3,26",3266.4,1481.0,2176,2176.0,42.6,,2.206
"27 feb 2021, 14:12:23",Carrera,"0,41",414.8,118.0,118,118.0,7.6,,3.515
"26 feb 2021, 23:43:16",Bicicleta,"2,85",2853.0,1440.0,7317,7317.0,25.1,,1.981
"26 feb 2021, 21:35:47",Carrera,"1,35",1353.8,662.0,5061,5061.0,0.0,,2.045
"25 feb 2021, 23:33:21",Bicicleta,"3,87",3878.4,1174.0,6309,6309.0,55.9,,3.304
"24 feb 2021, 21:37:17",Bicicleta,"5,81",5810.0,1912.0,13824,13824.0,71.0,,3.039
"23 feb 2021, 20:59:59",Bicicleta,"27,11",27114.1,9155.0,13913,13913.0,273.4,,2.962
"20 feb 2021, 11:36:34",Bicicleta,"75,21",75214.6,12758.0,16940,16940.0,1130.8,,5.895
"19 feb 2021, 23:48:42",Bicicleta,"2,28",2285.6,1183.0,6036,6036.0,17.8,,1.932
"19 feb 2021, 21:17:36",Bicicleta,"11,77",11776.1,4437.0,6652,6652.0,147.9,,2.654
"19 feb 2021, 14:42:33",Bicicleta,"7,55",7557.2,2096.0,2864,2864.0,114.6,,3.606
"17 feb 2021, 21:07:08",Bicicleta,"6,42",6425.6,2229.0,15477,15477.0,69.8,,2.883
"14 feb 2021, 16:41:55",Bicicleta,"10,72",10723.0,4060.0,9952,9952.0,94.5,,2.641
"13 feb 2021, 13:36:38",Carrera,"3,40",3402.5,9484.0,11021,11021.0,36.5,,0.359
"12 feb 2021, 19:59:27",Bicicleta,"33,15",33150.4,9461.0,11583,11583.0,530.4,,3.504
"11 feb 2021, 23:40:34",Bicicleta,"2,32",2328.2,1046.0,7225,7225.0,14.8,,2.226
"10 feb 2021, 21:32:21",Bicicleta,"3,80",3799.2,1101.0,1373,1373.0,41.3,,3.451
"9 feb 2021, 20:35:29",Bicicleta,"8,15",8155.6,4187.0,13072,13072.0,85.3,,1.948
"8 feb 2021, 23:11:40",Bicicleta,"6,16",6167.9,2443.0,15884,15884.0,70.6,,2.525
"6 feb 2021, 12:51:55",Bicicleta,"58,45",58452.1,10036.0,11746,11746.0,708.5,,5.824
"5 feb 2021, 23:43:31",Bicicleta,"2,34",2339.5,1011.0,6603,6603.0,18.0,,2.314
"5 feb 2021, 21:22:45",Carrera,"1,58",1584.4,897.0,6285,6285.0,0.0,,1.766
"4 feb 2021, 23:43:35",Bicicleta,"2,32",2323.0,1003.0,5585,5585.0,18.0,,2.316
"3 feb 2021, 21:42:00",Bicicleta,"7,22",7225.0,2427.0,16191,16191.0,82.5,,2.977
"3 feb 2021, 12:08:10",Carrera,"8,02",8021.6,3235.0,3318,3318.0,48.2,,2.48
"2 feb 2021, 22:41:19",Bicicleta,"51,45",51452.4,9103.0,11663,11663.0,626.2,,5.652
"1 feb 2021, 23:07:43",Bicicleta,"5,99",5994.1,2000.0,9280,9280.0,67.4,,2.997
"31 ene 2021, 15:18:14",Bicicleta,"43,53",43531.4,12754.0,23895,23895.0,401.9,,3.413
"31 ene 2021, 2:17:53",Bicicleta,"7,82",7822.4,1706.0,1881,1881.0,51.1,,4.585
"29 ene 2021, 21:16:21",Bicicleta,"7,92",7919.2,2844.0,6167,6167.0,154.4,,2.785
"29 ene 2021, 12:35:48",Carrera,"6,20",6203.0,3367.0,3516,3516.0,28.7,,1.842
"28 ene 2021, 21:42:39",Bicicleta,"14,88",14888.0,5290.0,12793,12793.0,189.0,,2.814
"27 ene 2021, 20:41:44",Bicicleta,"10,74",10744.7,3855.0,19203,19203.0,132.4,,2.787
"27 ene 2021, 12:17:02",Carrera,"6,24",6242.1,3011.0,3023,3023.0,34.2,,2.073
"26 ene 2021, 14:34:47",Bicicleta,"4,93",4930.9,1505.0,4517,4517.0,52.4,,3.276
"25 ene 2021, 23:14:26",Bicicleta,"5,69",5697.0,1850.0,7990,7990.0,65.4,,3.079
"23 ene 2021, 19:37:11",Bicicleta,"24,29",24295.2,9080.0,20577,20577.0,263.6,,2.676
"21 ene 2021, 21:23:25",Bicicleta,"7,41",7418.0,3043.0,8250,8250.0,98.9,,2.438
"20 ene 2021, 21:39:35",Bicicleta,"9,84",9846.9,3711.0,18571,18571.0,117.9,,2.653
"19 ene 2021, 21:08:28",Bicicleta,"20,32",20328.4,6971.0,16389,16389.0,183.5,,2.916
"19 ene 2021, 1:18:03",Bicicleta,"3,28",3279.9,880.0,1519,1519.0,65.4,,3.727
"12 ene 2021, 22:04:24",Bicicleta,"20,13",20131.3,7152.0,15542,15542.0,288.6,,2.815
"9 ene 2021, 20:22:30",Bicicleta,"16,05",16056.6,5718.0,11641,11641.0,278.3,,2.808
"9 ene 2021, 13:22:44",Bicicleta,"43,91",43918.9,8728.0,13003,13003.0,713.3,,5.032
"8 ene 2021, 23:44:58",Bicicleta,"2,41",2417.1,989.0,6292,6292.0,15.5,,2.444
"8 ene 2021, 21:59:43",Carrera,"2,60",2607.3,3216.0,3717,3717.0,0.0,,0.811
"7 ene 2021, 23:36:29",Bicicleta,"2,84",2839.6,1252.0,5702,5702.0,20.9,,2.268
"6 ene 2021, 21:27:34",Bicicleta,"12,24",12239.8,5485.0,18137,18137.0,93.8,,2.232
"5 ene 2021, 21:18:51",Bicicleta,"40,54",40542.4,9506.0,11899,11899.0,638.1,,4.265
"4 ene 2021, 23:22:33",Bicicleta,"6,08",6083.9,2018.0,7121,7121.0,63.8,,3.015
"4 ene 2021, 21:06:35",Carrera,"3,28",3282.7,2655.0,5940,5940.0,2.1,,1.236
"3 ene 2021, 21:11:52",Bicicleta,"3,36",3360.3,1267.0,1360,1360.0,39.4,,2.652
"3 ene 2021, 17:07:23",Caminata,"5,46",5461.8,2463.0,4438,4438.0,20.9,,2.218
"2 ene 2021, 12:47:42",Bicicleta,"92,36",92359.0,15136.0,20638,20638.0,842.2,,6.102
"1 ene 2021, 20:06:20",Bicicleta,"26,06",26065.8,7284.0,11512,11512.0,282.4,,3.579
"31 dic 2020, 21:26:40",Carrera,"4,00",4003.1,4595.0,9443,9443.0,0.0,,0.871
"29 dic 2020, 21:28:59",Bicicleta,"12,35",12349.5,5840.0,9334,9334.0,239.4,,2.115
"28 dic 2020, 21:42:29",Bicicleta,"8,84",8839.5,3275.0,17872,17872.0,66.0,,2.699
"27 dic 2020, 12:11:26",Bicicleta,"70,06",70060.9,14985.0,34810,34810.0,992.9,,4.675
"26 dic 2020, 14:53:14",Bicicleta,"6,87",6876.2,2906.0,3603,3603.0,90.5,,2.366
"25 dic 2020, 18:56:59",Bicicleta,"30,91",30912.8,8200.0,19170,19170.0,266.9,,3.77
"24 dic 2020, 21:22:55",Carrera,"3,13",3129.6,2224.0,3245,3245.0,0.0,,1.407
"23 dic 2020, 21:23:56",Bicicleta,"12,75",12755.4,3388.0,8095,8095.0,100.2,,3.765
"22 dic 2020, 20:49:57",Bicicleta,"30,33",30332.2,6655.0,19732,19732.0,445.5,,4.558
"21 dic 2020, 21:54:44",Bicicleta,"20,03",20034.4,4692.0,5988,5988.0,122.6,,4.27
"19 dic 2020, 22:50:48",Bicicleta,"16,67",16673.2,4876.0,7151,7151.0,118.8,,3.419
"18 dic 2020, 23:51:22",Bicicleta,"2,66",2664.8,1094.0,4594,4594.0,19.9,,2.436
"17 dic 2020, 23:47:44",Bicicleta,"2,91",2909.0,1378.0,7190,7190.0,18.0,,2.111
"16 dic 2020, 21:19:40",Bicicleta,"10,98",10979.7,4263.0,17195,17195.0,110.0,,2.576
"14 dic 2020, 23:12:11",Bicicleta,"6,02",6021.3,2193.0,7797,7797.0,67.0,,2.746
"13 dic 2020, 12:58:56",Bicicleta,"67,25",67258.4,12764.0,17279,17279.0,795.3,,5.269
"11 dic 2020, 20:38:03",Bicicleta,"22,40",22407.4,6829.0,10650,10650.0,242.4,,3.281
"10 dic 2020, 21:16:20",Bicicleta,"20,55",20556.3,6023.0,15775,15775.0,141.3,,3.413
"9 dic 2020, 20:55:26",Bicicleta,"9,06",9068.4,4488.0,16922,16922.0,81.9,,2.021
"8 dic 2020, 21:46:09",Carrera,"3,27",3277.7,1902.0,7534,7534.0,0.0,,1.723
"7 dic 2020, 23:22:03",Bicicleta,"2,68",2686.6,529.0,558,558.0,30.4,,5.079
"4 dic 2020, 22:44:57",Caminata,"2,73",2735.4,2592.0,10048,10048.0,15.9,,1.055
"3 dic 2020, 19:02:34",Bicicleta,"22,19",22198.2,7681.0,14211,14211.0,238.3,,2.89
"2 dic 2020, 21:41:32",Bicicleta,"7,84",7846.2,3479.0,14518,14518.0,89.0,,2.255
"1 dic 2020, 21:19:50",Carrera,"4,72",4721.4,7066.0,9852,9852.0,2.5,,0.668
"30 nov 2020, 23:05:27",Bicicleta,"7,67",7673.3,3297.0,9837,9837.0,82.4,,2.327
"29 nov 2020, 15:14:48",Bicicleta,"47,29",47297.1,12017.0,25981,25981.0,467.2,,3.936
"28 nov 2020, 12:26:14",Caminata,"5,66",5661.1,3465.0,4899,4899.0,16.5,,1.634
"20 nov 2020, 21:07:25",Carrera,"6,69",6698.4,5944.0,15731,15731.0,18.9,,1.127
"19 nov 2020, 23:43:49",Caminata,"2,43",2433.9,1901.0,7457,7457.0,14.4,,1.28
"17 nov 2020, 21:28:06",Carrera,"3,84",3848.3,5336.0,6353,6353.0,0.0,,0.721
"16 nov 2020, 23:11:07",Bicicleta,"4,44",4448.2,1719.0,8847,8847.0,44.8,,2.588
"16 nov 2020, 13:34:23",Carrera,"1,27",1275.2,1696.0,5200,5200.0,8.4,,0.752
"14 nov 2020, 13:34:49",Bicicleta,"20,69",20689.4,7907.0,20207,20207.0,309.4,,2.617
"12 nov 2020, 23:56:25",Bicicleta,"2,97",2977.4,4188.0,9774,9774.0,14.5,,0.711
"10 nov 2020, 21:02:39",Carrera,"3,01",3014.4,2056.0,11378,11378.0,0.0,,1.466
"9 nov 2020, 23:09:38",Bicicleta,"5,09",5089.2,1794.0,9992,9992.0,45.5,,2.837
"9 nov 2020, 21:13:56",Caminata,"5,24",5240.1,3917.0,4832,4832.0,0.0,,1.338
"5 nov 2020, 23:50:36",Bicicleta,"5,31",5312.5,2515.0,6258,6258.0,22.5,,2.112
"5 nov 2020, 21:20:41",Carrera,"1,38",1381.0,823.0,1968,1968.0,0.0,,1.678
"4 nov 2020, 21:36:42",Bicicleta,"8,00",7999.2,3389.0,17041,17041.0,63.1,,2.36
"1 nov 2020, 0:36:18",Bicicleta,"3,82",3823.1,2223.0,6182,6182.0,38.9,,1.72
"31 oct 2020, 13:15:25",Caminata,"3,11",3109.8,2268.0,3210,3210.0,15.4,,1.371
"30 oct 2020, 21:09:05",Carrera,"0,81",811.2,362.0,512,512.0,0.0,,2.241
"27 oct 2020, 18:35:49",Bicicleta,"6,40",6406.2,2329.0,11380,11380.0,102.8,,2.751
"26 oct 2020, 19:35:39",Bicicleta,"12,66",12660.9,4218.0,25022,25022.0,157.2,,3.002
"25 oct 2020, 11:02:53",Bicicleta,"7,43",7437.9,3074.0,6442,6442.0,163.8,,2.42
"24 oct 2020, 14:06:41",Bicicleta,"24,44",24443.5,9168.0,22209,22209.0,227.6,,2.666
"17 oct 2020, 13:27:41",Bicicleta,"36,42",36423.7,11840.0,29987,29987.0,364.1,,3.076
"9 oct 2020, 12:46:44",Bicicleta,"25,52",25520.9,7613.0,19047,19047.0,242.1,,3.352